"url","comment_user","comment_user_url","comment_date","comment","likes_number","replies_number","replies","hashtag_comment","tagged_users_in_comment","post_url","post_user","comment_id","post_id"
"https://www.instagram.com/j_art5149","_st***_.p***inu***","https://www.instagram.com/_star._.platinum_","Fri Aug 29 2025 08:44:33 GMT+0000 (Coordinated Universal Time)","I LOVE ITT❤️❤️",,1,,,,"https://www.instagram.com/p/DN5YR2-kd9H","j_a***149***","17914025736175822","3709102548495490887_69374122619"
"https://www.instagram.com/fitbyken","con***tic***c0m*********","https://www.instagram.com/connecticut_c0mmunity","Sun Oct 05 2025 01:56:42 GMT+0000 (Coordinated Universal Time)","Promote it @dallas_.life",,0,,,"[""@da***s_""]","https://www.instagram.com/p/DPZn5yGD8o-/","fit***en","18151594660398947","3736192860493433406_46285931700"
"https://www.instagram.com/peita_","kri***yel***","https://www.instagram.com/krisssyelise","Wed Oct 15 2025 19:54:10 GMT+0000 (Coordinated Universal Time)","😂",,1,,,,"https://www.instagram.com/p/DP0dktRgdwq/","******","17900722488289553","3743747256113814570_8347028"
"https://www.instagram.com/dionaisamazingyes","str***sal***","https://www.instagram.com/strrtdsalon","Sat May 03 2025 05:50:23 GMT+0000 (Coordinated Universal Time)","so beautiful!! i hope you had funnn🥰⭐️",,2,,,,"https://www.instagram.com/p/DJLWlwuMOn-","dio***sam***ngy***","18070209886923885","3624089677108144638_6789381039"
"https://www.instagram.com/_ketchunezzz","_na***sha***_","https://www.instagram.com/_nastusha_c._","Tue Oct 25 2022 17:51:59 GMT+0000 (Coordinated Universal Time)","красотка 😍😍",,2,,,,"https://www.instagram.com/p/CeUXXDEF5K6","_ke***une***","18325906912037500","2852007202939966138_4356224077"
"https://www.instagram.com/toolbox_1957","lin***su5***","https://www.instagram.com/linda.su5577","Sat Sep 27 2025 18:37:50 GMT+0000 (Coordinated Universal Time)","@clairelin7779297 一同參加抽好禮",,0,,,"[""@cl***eli***792***""]","https://www.instagram.com/toolbox_1957/p/DPA_UbVFPTo/","too***x_1***","17867191995452872","3729258972127229160_59439884590"
"https://www.instagram.com/dulce.dollz","bre***a.n***le","https://www.instagram.com/breasia.nicole","Wed Jul 23 2025 15:30:38 GMT+0000 (Coordinated Universal Time)","😍😍😍😍😍",,0,,,,"https://www.instagram.com/p/DMdI2N5MP5_/","dul***dol***","17929273431084398","3683138980400922239_59349625587"
"https://www.instagram.com/multifamily_ninja","jac***oli***per***","https://www.instagram.com/jackyholinkaperez","Tue Jun 17 2025 22:58:16 GMT+0000 (Coordinated Universal Time)","😍😍😍😍😍😍😍",,1,,,,"https://www.instagram.com/p/DK9qv_tsCUI/","mul***ami***nin***","18103321033542538","3656266488675837192_200220117"
"https://www.instagram.com/hukuray_batista","der***y_a***ato***","https://www.instagram.com/dericky_animator","Tue Jun 20 2023 17:33:33 GMT+0000 (Coordinated Universal Time)","🔥🔥🔥",,0,,,,"https://www.instagram.com/p/Ctt_tPOOw9y","huk***y_b***sta***","17884148645810204","3129437501743894386_8075279894"
"https://www.instagram.com/cospaglie","sta***rs.***ver***","https://www.instagram.com/starwars._lovers","Fri Oct 17 2025 17:24:26 GMT+0000 (Coordinated Universal Time)","Wow suprb 🎉Dear can we repost? Can you share this with me✨❤️",,0,,,,"https://www.instagram.com/p/DP6yX85jHc8","cos***lie***","18066181823094064","3745527588375525180_51027361900"
"https://www.instagram.com/fullmetal_cos","ale***ort***x.c***","https://www.instagram.com/alex.fortysix.cos","Fri Oct 10 2025 10:35:28 GMT+0000 (Coordinated Universal Time)","Non so cosa dire 😍
Veramente OP 🔥❤️",,1,,,,"https://www.instagram.com/p/DPoB5DtDCdl","ful***tal***s","18295146511254441","3740247809564878693_64723127736"
"https://www.instagram.com/julianadeliberato","gus***oba***e","https://www.instagram.com/gustavobasque","Mon Oct 06 2025 00:51:15 GMT+0000 (Coordinated Universal Time)","🔥🔥🔥🔥",,1,,,,"https://www.instagram.com/p/DPcrvATjRFD/","jul***ade***era***","17924746881118422","3737054136954065219_271089563"
"https://www.instagram.com/little_miss_blueberry","bet***ate***","https://www.instagram.com/betonkater","Tue Oct 14 2025 20:45:46 GMT+0000 (Coordinated Universal Time)","Richtig klasse 🤍🖤",,0,,,,"https://www.instagram.com/p/DPyhKsxjL4Q","lit***_mi***blu*********","17916119160194552","3743200111103884816_1685613062"
"https://www.instagram.com/radbeezz","a.i***o.6***6","https://www.instagram.com/a.i.k.o.6.6.6","Wed Jul 31 2024 04:57:00 GMT+0000 (Coordinated Universal Time)","Bestiess",,0,,,,"https://www.instagram.com/p/C-Es5dMqrQN","rad***zz","18036971978015580","3424059079116108813_13449565785"
"https://www.instagram.com/bima_firmans","min***7_1***","https://www.instagram.com/minto07_10","Fri Dec 05 2025 11:45:16 GMT+0000 (Coordinated Universal Time)","😍",0,0,,,,"https://www.instagram.com/reel/DR1y5Zzj0qX/","bim***irm***","17906136948296472","3780151309291702935_5598039821"
"https://www.instagram.com/enzo_aleixo","ara***i.f***o","https://www.instagram.com/arakaki.fisio","Thu Jul 24 2025 13:35:05 GMT+0000 (Coordinated Universal Time)","Top 👏",0,0,,,,"https://www.instagram.com/p/DMd8y_1STbz","enz***lei***","17853170631492376","3683367457563162355_199916087"
"https://www.instagram.com/estamadofabricio","joa***rlo***m1","https://www.instagram.com/joaocarloskim1","Tue Sep 30 2025 15:59:27 GMT+0000 (Coordinated Universal Time)","Pura vida",0,1,,,,"https://www.instagram.com/p/DPO0FMSjaGH","est***dof***ici***","17923666869155496","3733150196348854663_5433235166"
"https://www.instagram.com/so_o_osso_surfskate","jef***iva***","https://www.instagram.com/jeffstival","Wed Nov 19 2025 00:40:39 GMT+0000 (Coordinated Universal Time)","🔥🔥🔥",0,1,,,,"https://www.instagram.com/p/DRLCvDYkjw-","so_***sso***rfs******","18074512814256786","3768117542767443006_46713678792"
"https://www.instagram.com/alenitrosk8","nit***k8","https://www.instagram.com/nitrosk8","Sun Aug 24 2025 08:59:47 GMT+0000 (Coordinated Universal Time)","👏👏👏🔥🔥🔥",0,0,,,,"https://www.instagram.com/p/DNuxXXqXLO3","ale***ros***","18076391761955710","3706116653606286263_4140865696"
"https://www.instagram.com/vemarco_","ray***nto***","https://www.instagram.com/raypsantos_","Sat May 31 2025 17:02:11 GMT+0000 (Coordinated Universal Time)","❤️❤️❤️❤️❤️❤️❤️❤️",0,0,,,,"https://www.instagram.com/p/DKUqy_eNQUR","vem***o_","18068195824967681","3644726220529403153_353558465"
"https://www.instagram.com/recastaudio","aka***ckz***","https://www.instagram.com/aka.rickz","Wed Sep 25 2024 15:31:37 GMT+0000 (Coordinated Universal Time)","🔥🔥",0,1,,,,"https://www.instagram.com/p/DAVbzUeOVI7","rec***aud***","18067979119717947","3464797762262487611_68035189718"
"https://www.instagram.com/claybelo","n.m***_","https://www.instagram.com/n.mura_","Wed Sep 17 2025 12:24:45 GMT+0000 (Coordinated Universal Time)","Modelo ele❤️❤️😍😍",0,0,,,,"https://www.instagram.com/p/C7z4ASjJuYl","cla***lo","18024749012532373","3383294055607100965_52237670941"
"https://www.instagram.com/vitorhenrique_ts","_an***lec***","https://www.instagram.com/_anaaclecia","Mon Nov 17 2025 02:12:02 GMT+0000 (Coordinated Universal Time)","LINDOOO",0,1,,,,"https://www.instagram.com/p/DRIl3wbDjL-","vit***enr***e_t***","18126138715453531","3767427647581074174_189011028"
"https://www.instagram.com/maiws","eut***on","https://www.instagram.com/eutrevon","Sat May 03 2025 03:09:45 GMT+0000 (Coordinated Universal Time)","amais",0,0,,,,"https://www.instagram.com/p/DJKMQDwOTwm","******","18092723167602299","3623762730273029158_22268303877"
"https://www.instagram.com/romeuandreatta","osw***ope***","https://www.instagram.com/oswaldopepe","Thu Sep 04 2025 12:05:06 GMT+0000 (Coordinated Universal Time)","JJ  deveria ser disciplina regular nas escolas: educa para a vida  surf+jj=gente boa",0,0,,,,"https://www.instagram.com/p/DOLcCDMDZfg","rom***ndr***ta","18144317794414355","3714185603861813216_334562759"
"https://www.instagram.com/ofc__oliveira013","jan***vei***","https://www.instagram.com/janio.veiga","Wed Dec 03 2025 15:59:09 GMT+0000 (Coordinated Universal Time)","Top 😍😎",0,0,,,,"https://www.instagram.com/p/DRxzG18jZcs","ofc***liv***a01***","18542748853042260","3779026332953712428_52016972609"
"https://www.instagram.com/useversity","cac***om_***","https://www.instagram.com/cacaboom_br","Wed Nov 19 2025 23:28:23 GMT+0000 (Coordinated Universal Time)","👐",0,0,,,,"https://www.instagram.com/p/DRQQDhNjuIr","use***sit***","18090301598494062","3769583498672661035_14646674637"
"https://www.instagram.com/giinese","cas***sil***126***","https://www.instagram.com/cassiasilva6126","Fri Oct 17 2025 01:40:53 GMT+0000 (Coordinated Universal Time)","❤️É isso aí, vc é maravilhosa",0,1,,,,"https://www.instagram.com/p/DP5Bd1DiT_i","gii***e","18079428509120357","3745031013014257634_308739484"
"https://www.instagram.com/kaue_daniell","den***cha***rf","https://www.instagram.com/denorocha_surf","Sat Oct 04 2025 22:26:47 GMT+0000 (Coordinated Universal Time)","🔥🔥🔥",0,0,,,,"https://www.instagram.com/p/DPZMAsqje3h","kau***ani***","18145735501414062","3736070190397255137_7219328600"
"https://www.instagram.com/arenqueart","mau***iof***x96***","https://www.instagram.com/mauriciofelix964","Fri Apr 25 2025 00:48:39 GMT+0000 (Coordinated Universal Time)","Irado Rino",0,0,,,,"https://www.instagram.com/p/DI2ZRQhp2c8","are***ear***","17908931448127511","3618190487777142588_3125759150"
"https://www.instagram.com/osantti","mar***oli***","https://www.instagram.com/marcelolima","Thu Nov 20 2025 22:01:15 GMT+0000 (Coordinated Universal Time)","Muito chic meu mano!❤️😮‍💨",0,1,,,,"https://www.instagram.com/p/DRStzLBkpxf","osa***i","18060835166216427","3770277266686385247_8316522368"
"https://www.instagram.com/chong_dog_gi","so.***oao***","https://www.instagram.com/so.u_joao","Thu Jul 18 2024 04:41:15 GMT+0000 (Coordinated Universal Time)","@juusurfskate",0,0,,,"[""@ju***rfs***e""]","https://www.instagram.com/p/C7_qq9eS3rC","cho***dog***","17898563316012521","3386613114983905986_300261535"
"https://www.instagram.com/lash.beafreitass","jes***ari***ro1***","https://www.instagram.com/jessicaribeiro18_","Sun Oct 05 2025 00:34:29 GMT+0000 (Coordinated Universal Time)","voaaa minha linda",0,0,,,,"https://www.instagram.com/p/DPaDyJNkQyw","las***eaf***tas***","18073363568167731","3736315480861904048_3862601666"
"https://www.instagram.com/beatingmyms","reb***abr***eye***","https://www.instagram.com/rebeccabrowneyes","2024-02-10T14:59:31.000Z","Very interested! Diagnosed in January.",0,0,,,,"https://www.instagram.com/reel/C0obp-DOeBT","bea***gmy***","18032424037798661","3253972362155647059_11641543391"
"https://www.instagram.com/_liviadavid","son***and***","https://www.instagram.com/sono.sandra","2024-09-16T15:59:44.000Z","👏👏👏",0,1,"[{""likes_number"":0,""reply"":""@sono.sandra 🙏🙏🙏😊"",""reply_date"":""2024-09-16T16:16:02.000Z"",""reply_user"":""_li***dav***""}]",,,"https://www.instagram.com/p/C_-9WKsqoN4","_li***dav***","18049056352922256","3458471368019575672"
"https://www.instagram.com/jankointelaviv","edu***ode***doh******","https://www.instagram.com/eduardodelgadohevia","2024-09-16T16:11:37.000Z","🔥",0,0,[],,,"https://www.instagram.com/p/C_-4iVutk9x","jan***nte***iv","17845284315303267","3458450214266228593"
"https://www.instagram.com/angels_ofthe_holocaust","suj***n52***","https://www.instagram.com/sujumon52","2024-09-16T02:43:44.000Z","😢💔🙏🌹",1,0,[],,,"https://www.instagram.com/p/C_8oODNISFc","ang***_of***_ho*********","17927998877942103","3457815501288317276"
"https://www.instagram.com/historicasmx","fsa***ene***","https://www.instagram.com/fsadilene","2024-09-15T23:09:33.000Z","Tal vez les están aplicando la de ""calladitas se ven más bonitas"" ante el mal manejo del equipo en manos de Quino!",0,0,[],,,"https://www.instagram.com/p/C_9A18zBWPp","his***ica***","18101506546440637","3457923796303176681"
"https://www.instagram.com/lutheran.monarchist.v2","the***o.c***","https://www.instagram.com/the.pro.c.ja","2024-09-15T18:40:54.000Z","His profile pic says it all.",6,0,[],,,"https://www.instagram.com/p/C_8pT4jTqhl","lut***an.***arc*********","18019610369446018","3457820300212611173"
"https://www.instagram.com/amandakay.official","nth***96","https://www.instagram.com/nthy6696","2024-09-16T17:43:46.000Z","😢Hi, I hope you can help my children buy a meal. They need a lot and I cannot provide it for them. I am from Gaza.",0,0,[],,,"https://www.instagram.com/p/C_-qNiTvPHj","ama***kay***fic******","18458750074016122","3458387212012155363"
"https://www.instagram.com/natgeo","tom***zak***","https://www.instagram.com/tomkryzak","2021-11-14T17:41:01.000Z","❤️",0,0,[],,,"https://www.instagram.com/p/CVtiZQJtim8","******","17897784059309734","2696963020775893436"
"https://www.instagram.com/dierksbentley","mtb***aun***","https://www.instagram.com/mtb_shaun","2020-10-22T13:37:09.000Z","Will you do the 100 next year?",0,0,[],,,"https://www.instagram.com/p/CCWqvL8hJ5o","die***ben***y","17883701671788581","2348252216315649640"
"https://www.instagram.com/nandupatilofficial","mr_***ush***pat***","https://www.instagram.com/mr_ankush___patil","2024-07-19T09:33:26.000Z","MRP kiti aahe dada",0,0,[],,,"https://www.instagram.com/p/C9gZteBSzNE","nan***ati***fic******","18014797565447324","3413841593320026948"
"https://www.instagram.com/foxnews","dws***8","https://www.instagram.com/dws9678","2019-08-27T17:47:00.000Z","So how long is it going to take the people of CA. to wake up and throw these dumb o rats out of office or maybe these stupid people would rather drown in human caca instead?",0,0,[],,,"https://www.instagram.com/p/B1fg2a-A5uy","fox***s","17990846479266357","2116554827185232818"
"https://www.instagram.com/fabriziorom","die***van***rno***","https://www.instagram.com/diegoivanadorno","2023-06-23T23:01:41.000Z","👏",0,0,[],,,"https://www.instagram.com/p/CtmX5BSou1S","fab***ior***","17994490384978698","3127292064721726802"
"https://www.instagram.com/barbie","drt***vah***","https://www.instagram.com/drtinovah","2020-11-13T16:08:19.000Z","@brozova_eva_",0,0,[],,"[""@br***va_***_""]","https://www.instagram.com/p/B89VyC5lMvz/","******","17894587957670618","2251051186819222515"
"https://www.instagram.com/uae_team_emirates","ber***p86***","https://www.instagram.com/bertorp86","2021-08-31T20:11:58.000Z","👏👏👏👏👏👏",0,0,[],,,"https://www.instagram.com/p/CTHe7TjD47X","uae***am_***rat***","17887003826331705","2650222922564603607"
"https://www.instagram.com/abhijeetkain","niv***eet***","https://www.instagram.com/nivisweetu","2024-08-18T19:56:12.000Z","👏👏👏👏",0,0,[],,,"https://www.instagram.com/p/C9hGwBFSjDH","abh***etk***","17936168666880588","3414039680499986631"
"https://www.instagram.com/anupama.vriksham","_bo***_3","https://www.instagram.com/_boomi_3","2024-08-19T11:03:46.000Z","So cute akka ne pannurathu",0,0,[],,,"https://www.instagram.com/p/C-kXdw-vbh8","anu***a.v***sha***","17925706157830408","3432972016489969788"
"https://www.instagram.com/natgeo","riy***lov***s.9***","https://www.instagram.com/riyan.loverss.92","2021-05-20T10:19:02.000Z","😍😍😍😍😍😍😍😍😍😍😍😍😍",0,0,[],,,"https://www.instagram.com/p/CO0sWUIjMQC","******","17877255824371344","2572876334628652034"
"https://www.instagram.com/detiksport","mom***yu","https://www.instagram.com/momy_ryu","2024-08-08T16:27:58.000Z","I texted my friend in Algeria about this rumor. He told me that it is completely propaganda and racism.
Every single time a black woman or a woman of colour thrives, they are accused by white “feminists” of having an unfair advantage- and in this case accused of being a MAN?? Transphobia from these so-called radical feminists is just racism. They cannot handle black women and women of colour thriving. extraordinary slander, Astaghfirullah 😢😢",0,0,[],,,"https://www.instagram.com/p/C-Ugx_VPhTk","det***por***","17880725061098012","3428509389080630500"
"https://www.instagram.com/lee_cs_btob","hye***ng_***g","https://www.instagram.com/hyeryung_jang","2024-06-07T06:21:39.000Z","건담 퍼펙트 그레이드 조립 다 하시면 보여주세요!!! 😍",0,0,[],,,"https://www.instagram.com/p/C7l1JwWSZzh","lee***_bt***","18025876676145725","3379340862265335009"
"https://www.instagram.com/howmental","big***abo***","https://www.instagram.com/bigskyabove","2020-11-16T08:57:23.000Z","❤️❤️❤️ Such a powerful quote and real-life reminder🌸🌸🙏🏻🌸🌸",0,0,[],,,"https://www.instagram.com/p/CHl5-bZIj7X","how***tal***","17877383464921839","2442613351589756631"
"https://www.instagram.com/jaime_santana_turral","liz***gue***","https://www.instagram.com/liz_noguez_","2025-05-20T04:34:25.000Z","Nuestro voto para el mejor 37 👏",2,0,,,,"https://www.instagram.com/reel/DJ2s3CnxKEc","jai***san***a_t******","18341363047093247","3636291045580644636"
"https://www.instagram.com/hiananyaa_","mee***shv***","https://www.instagram.com/meerahshvin","2025-05-07T01:48:53.000Z","The outfit is pretty",0,0,,,,"https://www.instagram.com/hiananyaa_/p/DJGlQBdygQp/","hia***yaa***","18329566408163251","3622746779072201769"
"https://www.instagram.com/aristidesrodrigo","min***cru***","https://www.instagram.com/minaelcruz","2025-05-22T03:03:37.000Z","Saludos mi amigo",0,0,,,,"https://www.instagram.com/reel/DJ4S5vtxfuV","ari***des***rig***","17966960690880318","3636739832182864789"
"https://www.instagram.com/divvya.kauur.gill","dal***kau***03","https://www.instagram.com/daljitkaur0703","2025-05-01T16:38:17.000Z","Today live was very good",1,0,,,,"https://www.instagram.com/divvya.kauur.gill/reel/DJHNfGDJkKQ/","div***.ka***.gi***","18053581115257041","3622923736646566544"
"https://www.instagram.com/divvya.kauur.gill","san***ami***a03***","https://www.instagram.com/sandhyamishra0302","2025-03-07T09:58:37.000Z","So true",1,0,,,,"https://www.instagram.com/divvya.kauur.gill/reel/DG49aqVpj_P/","div***.ka***.gi***","18033992168625300","3582883616577175503"
"https://www.instagram.com/divvya.kauur.gill","dal***kau***03","https://www.instagram.com/daljitkaur0703","2025-03-05T04:56:19.000Z","True",1,0,,,,"https://www.instagram.com/divvya.kauur.gill/reel/DGzb77MJ3Be/","div***.ka***.gi***","18387476077109509","3581328993949282398"
"https://www.instagram.com/yasminesquivelmx","fer***doa***a43***","https://www.instagram.com/fernandoavila4316","2025-05-21T02:26:41.000Z","🙌🙌🙌",0,0,,,,"https://www.instagram.com/p/DJ5J9Y-NkXR","yas***esq***elm***","17880474264202534","3636981975198614993"
"https://www.instagram.com/gujju__bazar_2023","_r_***ana***9","https://www.instagram.com/_r_s_rana4169","2025-05-25T15:56:09.000Z","1,50 dena hoto",0,0,,,,"https://www.instagram.com/gujju__bazar_2023/reel/DKFOJF2CSHK/","guj***_ba***_20***","17903220339067848","3640378071200637386"
"https://www.instagram.com/pandeyrupa2022","kan***y12***ida***","https://www.instagram.com/kanahiy12patidar","2025-03-09T03:24:30.000Z","❤️❤️❤️❤️",0,0,,,,"https://www.instagram.com/pandeyrupa2022/reel/DG8GOfQpswQ/","pan***rup***22","18057366035111585","3583766787397176336"
"https://www.instagram.com/saumyya14","__s***par***nnn***","https://www.instagram.com/__sabaparveennn_","2025-01-30T05:37:39.000Z","HOTT",0,0,,,,"https://www.instagram.com/saumyya14/reel/DFcCUcdzuTR/","sau***a14***","18082723048591724","3556728006763275473"
"https://www.instagram.com/bekool._.0","******","https://www.instagram.com/n4vcam","2025-03-09T13:58:23.000Z",,2,0,,,,"https://www.instagram.com/thassoshru/reel/DG-TNa7yNyK/","bek***._.***","18070343737855988","3584386838590708874"
"https://www.instagram.com/artybuzz","arm***798***","https://www.instagram.com/arman7798","2024-11-20T03:51:34.000Z","Dost ❌ bhesh✅",0,0,,,,"https://www.instagram.com/thassoshru/reel/DB9G3BFSuxw/","art***zz","17889942684104408","3493979054922198128"
"https://www.instagram.com/__niki.taa","sha***kha***4","https://www.instagram.com/shayarkhan224","2023-12-30T15:29:58.000Z","Gorgeous 🔥",0,0,,,,"https://www.instagram.com/__niki.taa/p/Cslm7jqP1XB/","__n***.ta***","18054738871514640","3109062336275502529"
"https://www.instagram.com/renu.saklani_","_ss***y._***","https://www.instagram.com/_sslayy._","2024-12-27T21:34:41.000Z","aesthetic girl❤️",1,1,"[{""likes_number"":1,""reply"":""@_sslayy._ 😘😘❤️❤️❤️"",""reply_date"":""2024-12-28T05:59:35.000Z"",""reply_user"":""ren***akl***_""}]",,,"https://www.instagram.com/renu.saklani_/p/DD_aGu6pN4z/","ren***akl***_","18051896921076980","3530655444783914547"
"https://www.instagram.com/mohit_watwanii","lea***hic***pat***","https://www.instagram.com/leannchickenpatty","2024-11-11T08:58:50.000Z","so cool🔥",1,0,,,,"https://www.instagram.com/mohit_watwanii/p/DCJghYQgv6Q/","moh***wat***ii","18466726801062512","3497469616907812496"
"https://www.instagram.com/andrew__muse","lor***wra***59","https://www.instagram.com/lorilowrance59","Fri Oct 10 2025 01:30:52 GMT+0000 (Coordinated Universal Time)","So beautiful thank you! 😊",,0,,,,"https://www.instagram.com/p/DPmztnMEhR5","and***__m***","18024054752735236","3739903975404737657_266591665"
"https://www.instagram.com/beautyofjoseon_official","mat***gir***1","https://www.instagram.com/matchagirlie1","Wed Oct 08 2025 06:23:02 GMT+0000 (Coordinated Universal Time)","💚💚💚",,1,,,,"https://www.instagram.com/p/DPglc5Dif2t","bea***ofj***on_*********","18093162082697027","3738152403846430125_4733502989"
"https://www.instagram.com/te_ar_0","new***is","https://www.instagram.com/newnovis","Sun Sep 03 2023 05:03:25 GMT+0000 (Coordinated Universal Time)","THE HAIR🔥🔥",,2,,,,"https://www.instagram.com/p/CnFQ8-hrYhZ","te_***0","17924782508672747","3009886485016840281_18897447187"
"https://www.instagram.com/bhookha.baba","pra***asw***y","https://www.instagram.com/pragayasweety","2024-12-02T11:58:05.000Z","M.p. colony me bhi hai",1,0,,,,"https://www.instagram.com/bhookha.baba/reel/DC8LUJvN_3k/","bho***a.b***","17889696141054272","3511731572799176164"
"https://www.instagram.com/anngadofficial","all***uta***ksh***","https://www.instagram.com/allaboutakanksha","2025-03-07T08:27:22.000Z","Cutu❤️",0,0,,,,"https://www.instagram.com/anngadofficial/p/DG4ssp0NdaB/","ann***off***al","18039414245163432","3582810086176052865"
"https://www.instagram.com/suchi_kakrecha_01","pri***__0***","https://www.instagram.com/prishi__08","2024-10-26T15:01:25.000Z","❤️❤️",1,0,,,,"https://www.instagram.com/suchi_kakrecha_01/reel/DBbFU2qC-WH/","suc***kak***ha_***","18143130538347722","3484402160010782087"
"https://www.instagram.com/captainchikuuu","lak***ys1***","https://www.instagram.com/lakshays1","2025-03-27T15:01:03.000Z","Umlingla hai bhai woh umang la nahi..",0,0,,,,"https://www.instagram.com/captainchikuuu/reel/DHXm1uiSLwQ/","cap***nch***uu","18077357017707296","3591510045718264848"
"https://www.instagram.com/anju_rai8750","can***473***","https://www.instagram.com/caner.4736","2024-09-25T18:15:14.000Z","😍💕❤️",1,0,,,,"https://www.instagram.com/anju_rai8750/reel/C_vT2URy2Vu/","anj***ai8***","18163094503312786","3454066734725293422"
"https://www.instagram.com/_butter_fly28","ve_***shv***esh***","https://www.instagram.com/ve_ereshveeresh","2025-03-06T10:00:03.000Z","🙏🙏",0,0,,,,"https://www.instagram.com/_butter_fly28/reel/DGc3pA9T7wl/","_bu***r_f***8","18025858913382331","3574976915310623781"
"https://www.instagram.com/_butter_fly28","kol***eeg***mha*********","https://www.instagram.com/kolllleegaalmhaamaantrik","2025-04-08T02:38:36.000Z","👏🔥🔥😍",0,0,,,,"https://www.instagram.com/_butter_fly28/reel/DHBXH62vk7y/","_bu***r_f***8","17862275469307951","3585248477665185522"
"https://www.instagram.com/nickypunjabi","__s***h_b***sar***","https://www.instagram.com/__shubh_bhawsar__","2024-12-19T12:07:05.000Z","😍",0,0,,,,"https://www.instagram.com/nickypunjabi/p/DC1YEedSqFI/","nic***unj***","18052722979827727","3509817345303028040"
"https://www.instagram.com/ft.hithyshi","dan***unk***_","https://www.instagram.com/dancejunkies_","2024-03-20T14:03:21.000Z","😍😍",1,0,,,,"https://www.instagram.com/ft.hithyshi/reel/C4p_yi9rEH1/","ft.***hys***","17949614804659426","3326470350235779573"
"https://www.instagram.com/zoishms","bts***ng_***eve***","https://www.instagram.com/bts7king_forever","2024-04-12T01:09:35.000Z","😍😍",0,0,,,,"https://www.instagram.com/zoishms/p/CkVp_aBsD4v/","zoi***s","18030372949938613","2960457007245573679"
"https://www.instagram.com/cold_messssss","__u***la_***","https://www.instagram.com/__ursela__","2025-03-18T02:58:04.000Z","Link",0,0,,,,"https://www.instagram.com/cold_messssss/reel/DGvd8HFqhy9/","col***ess***s","18118257466451223","3580211902911487165"
"https://www.instagram.com/simrann_sah","sak***ii_***","https://www.instagram.com/sakshiii_sah","2023-11-06T13:25:54.000Z","😍😍",0,1,"[{""likes_number"":0,""reply"":""@sakshiii_sah ❤️"",""reply_date"":""2023-11-06T13:26:16.000Z"",""reply_user"":""sim***n_s***""}]",,,"https://www.instagram.com/simrann_sah/p/CyQ1fY-PYzN/","sim***n_s***","18057838735478447","3211301787898055885"
"https://www.instagram.com/fav.io_k","bar***nta***","https://www.instagram.com/bar.tintara","2024-06-23T15:17:42.000Z","On point maG",1,1,"[{""likes_number"":1,""reply"":""@barman.champ1 thanks fam👏🏾🔥"",""reply_date"":""2024-06-23T16:26:20.000Z"",""reply_user"":""fav***_k""}]",,,"https://www.instagram.com/fav.io_k/p/C8htN8PIHhp/","fav***_k","17853630864213360","3396194464138557545"
"https://www.instagram.com/himani_das_hasnu","the***roc***s_l***","https://www.instagram.com/the_ferocious_leo","2024-07-18T19:08:16.000Z","❤️❤️❤️❤️❤️❤️❤️",0,0,,,,"https://www.instagram.com/himani_das_hasnu/p/C9FWP4jS567/","him***_da***asn***","18014881109216126","3406226541712744123"
"https://www.instagram.com/yashi_221","poo***515***","https://www.instagram.com/pooja55156","2024-08-27T17:51:10.000Z","😍",1,0,,,,"https://www.instagram.com/yashi_221/p/C_FrR-sSVp2/","yas***221***","18005855570405065","3442347841740692086"
"https://www.instagram.com/warpmx","tee***iii***","https://www.instagram.com/teeelliiix","2024-07-31T00:41:36.000Z","Chulooo",3,0,[],,,"https://www.instagram.com/p/C-EKzX-OYCc","******","17939379548851857","3423909127606861980"
"https://www.instagram.com/turkiyeurdu","kiy***355***","https://www.instagram.com/kiyani3550","2024-08-01T05:42:52.000Z","Shame on Iran...",0,0,[],,,"https://www.instagram.com/p/C-E1LnMt_pB","tur***eur***","17861764923194888","3424095511177067073"
"https://www.instagram.com/rime769573","sae***609***","https://www.instagram.com/saeid_609.m","2024-07-31T09:27:02.000Z","😂😂😂😂😂😂😂😂",0,0,[],,,"https://www.instagram.com/p/C-E7a18oDZY","rim***957***","18043639699925728","3424122946084419160"
"https://www.instagram.com/oreligiao_do_islam_e_xiita","vil***soa***","https://www.instagram.com/vilenasoares","2024-07-31T08:16:30.000Z","💔",1,0,[],,,"https://www.instagram.com/p/C-E02oxKeMW","ore***iao***_is*********ta","17847226986266830","3424094069753242390"
"https://www.instagram.com/nancy_.singhh","shr***gup***5__***","https://www.instagram.com/shrutigupta25__","2025-03-29T12:02:58.000Z","Chic🔥🔥❤️❤️",1,1,"[{""likes_number"":0,""reply"":""@shrutigupta25__ thank u❤️"",""reply_date"":""2025-03-31T13:42:43.000Z"",""reply_user"":""nan***.si***h""}]",,,"https://www.instagram.com/nancy_.singhh/reel/DHx7e0_zxZB/","nan***.si***h","17966441213896704","3598919180479305281"
"https://www.instagram.com/_ritushah_08","vin***aa_***a","https://www.instagram.com/vinubhaa_zala","2023-09-29T09:37:06.000Z","🔥🔥",0,0,,,,"https://www.instagram.com/_ritushah_08/p/Cwkb6tfNmbM/","_ri***hah***","17930580251664608","3180790018657904332"
"https://www.instagram.com/vaishnavi.vijayaragavan","b_l***c_k***a_v*********","https://www.instagram.com/b_l_a_c_k_n_a_v_e_e_n","2025-01-28T02:44:06.000Z","😍😍❤️",0,0,,,,"https://www.instagram.com/vaishnavi.vijayaragavan/reel/DEwUIqHvVKP/","vai***avi***jay*********","17933676521992686","3544421462653620879"
"https://www.instagram.com/57odriozola","ang***_an***","https://www.instagram.com/anggie_angie","2025-04-30T20:23:27.000Z","Su trabajo es ejemplar.",2,1,"[{""likes_number"":1,""reply"":""@anggie_angie Mil gracias por la buena vibra y todo tu apoyo, Angie. Sigamos creciendo en esta campaña para ministro. 🤙🏻5️⃣7️⃣"",""reply_date"":""2025-04-30T22:38:23.000Z"",""reply_user"":""57o***ozo***""}]",,,"https://www.instagram.com/reel/DJE0xKxRHjC","57o***ozo***","18046406879125032","3622252077549648066"
"https://www.instagram.com/_bluwie_pix09","mr.***chi***_07***","https://www.instagram.com/mr._sachin.__07","2025-04-09T14:52:31.000Z","🫂😍",0,0,,,,"https://www.instagram.com/_bluwie_pix09/reel/DH6J3wnyOiq/","_bl***e_p***9","18035264804304784","3601234266233039018"
"https://www.instagram.com/tinu__patel_","nil***oma***ra","https://www.instagram.com/nilu_momaimora","2025-01-16T07:13:45.000Z","😍❤️",1,1,"[{""likes_number"":1,""reply"":""@nilu_momaimora 😇😇"",""reply_date"":""2025-02-20T13:43:08.000Z"",""reply_user"":""tin***pat***""}]",,,"https://www.instagram.com/tinu__patel_/p/DEsKL_lMf-l/","tin***pat***","18053949995504489","3543251811482861477"
"https://www.instagram.com/crazy__girl__pinky_2","1da***ail***_bo******","https://www.instagram.com/1day_failure_boy_sai","2025-04-04T10:53:41.000Z",,1,0,,,,"https://www.instagram.com/crazy__girl__pinky_2/reel/DGnWe2uyhm4/","cra***_gi***_pi******","18267697081261616","3577927306343750072"
"https://www.instagram.com/chehxk","_di***_th***s_","https://www.instagram.com/_diana_thomas_","2025-04-08T09:08:00.000Z","Laila 👽❤️",1,0,,,,"https://www.instagram.com/chehxk/p/DHtZrSESJt6/","******","18044829014606804","3597644602838391674"
"https://www.instagram.com/khagariafunnyclub","ros***_of***aly***","https://www.instagram.com/roshan_officaly","2025-04-08T05:53:46.000Z","😂😂😂",0,0,,,,"https://www.instagram.com/khagariafunnyclub/reel/DH0X6_9SMES/","kha***iaf***ycl***","17965212101900295","3599607211649188114"
"https://www.instagram.com/pickleballwithtyler","les***ore***hcl******","https://www.instagram.com/lesismorewithclaudia","Tue Oct 07 2025 00:42:02 GMT+0000 (Coordinated Universal Time)","🦶",,1,,,,"https://www.instagram.com/reel/DPW9W7xEd8R/","pic***bal***tht******","18058871600179596","3735442797790093073_29430506360"
"https://www.instagram.com/aeropuerto_jorgechavez","smi***orr***","https://www.instagram.com/smithcorrea_","Thu Sep 04 2025 19:30:40 GMT+0000 (Coordinated Universal Time)","😂❤️",,0,,,,"https://www.instagram.com/p/DOL8X2RETh2","aer***ert***org*********","18075330308080367","3714327839304136822_1372022578"
"https://www.instagram.com/entrpreneur","dob***mi","https://www.instagram.com/dobledmi","Sat Jan 08 2022 08:39:50 GMT+0000 (Coordinated Universal Time)","👌I also think so 👍",,0,,,,"https://www.instagram.com/p/CYBPEOaPgx8/","ent***ene***","17887514282574274","2738536309466205308_43641619933"
"https://www.instagram.com/american.turkish.mom","did***_ki***en_******","https://www.instagram.com/didems_kitchen_usa","Tue May 20 2025 14:35:59 GMT+0000 (Coordinated Universal Time)","This is the next generation of cleaning! I have this model of Eufy Robot and love it more everyday 💯👏😍",,1,,,,"https://www.instagram.com/p/DJ4M0Rws7kX","ame***an.***kis******","18137831842398085","3636713068143294743_4186827990"
"https://www.instagram.com/soulfulretreats.co","kuw***._l***","https://www.instagram.com/kuwait._life","Sat Sep 27 2025 11:03:49 GMT+0000 (Coordinated Universal Time)","wow🔥Send me this post",,0,,,,"https://www.instagram.com/p/DPGlgtUjV8t/","sou***lre***ats******","18062672438098778","3730834316730392365_55561287811"
"https://www.instagram.com/olubunmi_elish","wur***oya***","https://www.instagram.com/wura_koya","Mon Mar 18 2024 19:44:55 GMT+0000 (Coordinated Universal Time)","Who pleeaseee!!!",,1,,,,"https://www.instagram.com/p/C4oJnANrDcZ/","olu***mi_***sh","18078387220455702","3325950587520694041_60723686462"
"https://www.instagram.com/discofitcollective","ele***abo***e","https://www.instagram.com/electraboonee","Sat Sep 13 2025 19:34:38 GMT+0000 (Coordinated Universal Time)","Sooo good!! Can’t wait for the next ❤️",,2,,,,"https://www.instagram.com/p/DOjcOldCaIr/","dis***itc***ect******","18057395972146925","3720941864728764971_73111648637"
"https://www.instagram.com/surbhirathore3_","che***my_***ry0***","https://www.instagram.com/check_my_story007","Tue Sep 09 2025 07:38:36 GMT+0000 (Coordinated Universal Time)","😮😮🙌🙌😍😍🙌😍😮❤️😮❤️❤️❤️😮❤️❤️❤️😮❤️😮❤️",,0,,,,"https://www.instagram.com/surbhirathore3_/p/DOXzn-LDxE_/","sur***rat***e3_***","18274658926263686","3717667064606822719_3513725138"
"https://www.instagram.com/rhondimullins","jan***feo***llo*********","https://www.instagram.com/jan_lifeonwillowcreek","Wed Aug 20 2025 22:37:23 GMT+0000 (Coordinated Universal Time)","That will be so fun to watch!",,0,,,,"https://www.instagram.com/p/DNlqzQWBV1n/","rho***mul***s","18068928992148582","3703554508778200423_47367726"
"https://www.instagram.com/mancity","j.c***r07***","https://www.instagram.com/j.cezar07","2025-02-16T14:21:23.000Z","A bola q tú merece tem cabelo",0,0,,,,"https://www.instagram.com/p/DF8dRDbucNZ","man***y","17866498587325314","3565853720236901209"
"https://www.instagram.com/liftsby_s","pra***n_s***olg***","https://www.instagram.com/praveen_sangolge","2024-06-18T07:35:17.000Z","🔥🔥🔥",0,0,,,,"https://www.instagram.com/p/C8WCx3DPJq4","lif***y_s***","18229267309262967","3392911591727733432"
"https://www.instagram.com/mancity","aza***ll4***","https://www.instagram.com/azamovll44","2025-02-25T18:36:25.000Z","🇺🇿❤️",0,0,,,,"https://www.instagram.com/p/DF-2givOYkg","man***y","17921957088045555","3566527685758388512"
"https://www.instagram.com/mancity","boy***ro","https://www.instagram.com/boyq.oro","2025-02-27T17:05:36.000Z","Yozishamizmi yevropa😂🇺🇿",1,0,,,,"https://www.instagram.com/p/DFv42ApsxZe","man***y","18044038244084559","3562315832429319774"
"https://www.instagram.com/agriyaat","swa***iwa***r","https://www.instagram.com/swatidiwakarr","2025-01-19T15:29:44.000Z","👁️🫦👁️",1,1,"[{""likes_number"":0,""reply"":""@swatidiwakarr 👁️💋👁️"",""reply_date"":""2025-01-19T15:40:17.000Z"",""reply_user"":""agr***at""}]",,,"https://www.instagram.com/agriyaat/p/DFAb83qpaJY/","agr***at","18088930567553672","3548959436563653208"
"https://www.instagram.com/bhavyacharithavurutha","mun***7","https://www.instagram.com/munny_7","2024-06-21T14:02:34.000Z","ni eyes chala bagunnayi ammayi cute face weight tho em pani nv ala navthu navvisthu undu chalu",2,0,,,,"https://www.instagram.com/bhavyacharithavurutha/reel/CvSDGeNpTeJ/","bha***cha***hav*********","18355521400103972","3157599927637718921"
"https://www.instagram.com/richiefontane","glo***_33***","https://www.instagram.com/globoi_33","2025-03-12T06:47:31.000Z","So y’all boycotting so MORE yt women can benefit from DEI?? The Department of Labor reports Blacks are not paid equally but they are definitely taxed equally and HOW does that happen if DEI worked and was inclusive of Blacks?? There is a $1M income and wealth gap between Black and Yt tax paying citizens. HOW if DEI worked?? Wouldn’t DEI have done SOMETHING to close that gap?? Wouldn’t the millions spent on DEI be more equitable if it was distributed morally and ethically amongst the Black inequitably paid employees?? Wouldn’t forcing Elon to audit ALL the large corporations to see if they pay their Black employees equally and then collectively boycott if not?? I mean Black people cant be this stupid. These Black influencers are being paid by the yt women who are truly benefiting from the DEI boycott the same as they benefited from DEI the most🙄🤦🏽‍♀️",0,0,,,,"https://www.instagram.com/richiefontane/reel/DHCsChuuWz5/","ric***fon***e","18037943321213343","3585621941043162361"
"https://www.instagram.com/jombanginformasi_","kah***27","https://www.instagram.com/kahfix27","2024-12-09T10:17:55.000Z","😢",0,0,,,,"https://www.instagram.com/p/DDUCf5ovRPR","jom***gin***mas***","17873097429236106","3518448197166765009"
"https://www.instagram.com/fiftydeuce","chu***86","https://www.instagram.com/chuy8a86","2020-02-22T14:34:32.000Z","Come back to☠ @fiftydeuce",0,0,,,"[""@fi***deu***""]","https://www.instagram.com/fiftydeuce/p/BcKkXCIHj-p/","fif***euc***","18053025424214227","1660299325145497513"
"https://www.instagram.com/sareen_hovsepian","saa***ati***l","https://www.instagram.com/saaamsational","2025-02-15T22:15:25.000Z","Bodied 🤌🏼",1,0,,,,"https://www.instagram.com/sareen_hovsepian/p/DGG8Ia0TwIX/","sar***_ho***pia***","18216280915291055","3568804216079057431"
"https://www.instagram.com/sareen_hovsepian","mar***rks***","https://www.instagram.com/marysarksyan","2025-01-06T03:52:08.000Z","😍😍",0,1,[],,,"https://www.instagram.com/sareen_hovsepian/p/DEd3kXjvrvB/","sar***_ho***pia***","18043706693015399","3539229273938115521"
"https://www.instagram.com/strackeattack","rho***hun***tne***","https://www.instagram.com/rhondahuntfitness","2024-01-23T19:14:47.000Z","Pumped!",2,0,,,,"https://www.instagram.com/strackeattack/reel/C2cssgaud1N/","str***eat***k","17985921935558948","3286698400585211213"
"https://www.instagram.com/itz.as.broken.8509","exa***rah***390***","https://www.instagram.com/exact_rahul_390","2025-01-09T04:01:00.000Z","🔥🔥🔥🔥",2,1,"[{""likes_number"":1,""reply"":""@exact_rahul_390 ❤️"",""reply_date"":""2025-01-09T04:01:33.000Z"",""reply_user"":""itz***.br***n.8******""}]",,,"https://www.instagram.com/itz.as.broken.8509/p/DElh5AbSL3A/","itz***.br***n.8******","18031224479242274","3541385734999555520"
"https://www.instagram.com/shagunbhambri31","par***.go***","https://www.instagram.com/parmod.goel","2025-03-17T03:52:21.000Z","Absolutely Super Gorgeous Glorious Beautiful Pretty Gracious and Fabulous 🤩🔥❤️🥰🤗",0,0,,,,"https://www.instagram.com/shagunbhambri31/p/DHQtiYGpcJA/","sha***bha***i31***","17954015924791924","3589569177450824256"
"https://www.instagram.com/y_priyanka_12","abh***v_y***vay***","https://www.instagram.com/abhinav_yadavay","2022-10-27T15:59:39.000Z","Happy diwali 🤗",1,1,"[{""likes_number"":0,""reply"":""@_abhinav_yadav_ same to youu ✨"",""reply_date"":""2022-10-27T16:44:10.000Z"",""reply_user"":""y_p***ank***2""}]",,,"https://www.instagram.com/y_priyanka_12/p/CkOP2MFhwCC/","y_p***ank***2","17948142794136026","2958371699756040322"
"https://www.instagram.com/ashrikamehra","kim***aka***","https://www.instagram.com/kimaayakapur","2023-12-11T15:08:19.000Z","Broooo😍🥵🔥",0,0,,,,"https://www.instagram.com/ashrikamehra/p/C0t4EyZpXSV/","ash***ame***","17938045715773316","3255504725258630293"
"https://www.instagram.com/ayushidatwani","iam***etv***el","https://www.instagram.com/iam.meetvpatel","2025-02-01T07:37:35.000Z","🔥",0,0,,,,"https://www.instagram.com/ayushidatwani/p/DAJPdIhTZAM/","ayu***dat***i","17909474523082708","3461365761322094604"
"https://www.instagram.com/tarinii.g","_x_***u_0***","https://www.instagram.com/_x_aaru_01","2025-03-06T16:58:07.000Z","😂😂",0,0,,,,"https://www.instagram.com/tarinii.g/reel/C_0dty3ycyq/","tar***i.g***","17902937346129343","3455517504448351402"
"https://www.instagram.com/ravyaarora_","tar***uma***pta******","https://www.instagram.com/tarunkumargupta1877","2024-10-31T06:16:51.000Z","Lighting up Diwali and turning on the shine and heat without any diyas but her mere presence 🌹🌹🌹✨️✨️🫣🫣🔥🔥",0,0,,,,"https://www.instagram.com/ravyaarora_/p/DBq4-U7IkTv/","rav***ror***","18060997180795502","3488851435030988015"
"https://www.instagram.com/rashivdy","001***23","https://www.instagram.com/001rr123","2025-02-09T12:16:32.000Z","🔥🔥",0,0,,,,"https://www.instagram.com/rashivdy/reel/DF1vY4vyP-9/","ras***dy","18053500127111090","3563963098518323133"
"https://www.instagram.com/shubhamsrivastavaaaa","war***kha***020***","https://www.instagram.com/warishkhan0702019","2025-03-17T16:41:38.000Z","Rashtrapati bhawan jane se pahle hi road pe Baricating laga rehta hai 😂😂😂",1,0,,,,"https://www.instagram.com/shubhamsrivastavaaaa/reel/DFSaeEFIxAq/","shu***msr***sta******","18059444384283125","3554019471123484714"
"https://www.instagram.com/ananya.pande","san***mat***28","https://www.instagram.com/sanya.mathur28","2024-12-29T14:12:23.000Z","🥰🥰🥰",0,0,,,,"https://www.instagram.com/ananya.pande/p/DEKdalZSL6_/","ana***.pa***","18047813509900587","3533766227833437887"
"https://www.instagram.com/billionairemma","gem***_ma***","https://www.instagram.com/gemici_mag","2025-03-11T04:11:37.000Z","N🧊 fit mate👑",0,0,,,,"https://www.instagram.com/thenotoriousmma/p/DG3ti3eoWeW/","bil***nai***ma","18024679130418936","3582532336721422230"
"https://www.instagram.com/abielmaldives","ani***rat***ari***","https://www.instagram.com/anita_ratnasari90","2025-03-11T10:12:21.000Z","Kapan2 kesini yah",0,0,,,,"https://www.instagram.com/p/DHDIxigBzRL","abi***ald***s","18076161421776907","3585748316988060747"
"https://www.instagram.com/ditlantaspoldajatim","roh***ull***ko","https://www.instagram.com/rohmatulloheko","2025-03-10T14:19:18.000Z","❤️",0,0,,,,"https://www.instagram.com/p/DHBXnarvLeF","dit***tas***daj******","18025809809388416","3585250642144049029"
"https://www.instagram.com/bumpnrungilmore","kod***ld2***","https://www.instagram.com/kodawrld28","2024-02-14T18:11:01.000Z","Stay in Dallas bro we need a full season of you and diggs and when that happens it’s gonna look scary for the opps 🙏🏼",0,0,,,,"https://www.instagram.com/bumpnrungilmore/reel/C3L2oE-Pcpt/","bum***ung***ore***","18036700237691291","3299971400608893549"
"https://www.instagram.com/ashtin","mic***ach***e3","https://www.instagram.com/micahrachelle3","2024-09-22T05:16:48.000Z","Obsessed with u",0,0,,,,"https://www.instagram.com/ashtin/p/C_l3MIIRunR/","******","18463234288044923","3451407415369984465"
"https://www.instagram.com/ashtin","tur***326***","https://www.instagram.com/turay4326","2024-12-18T16:47:25.000Z","❤️❤️your body is on fire 🔥",0,0,,,,"https://www.instagram.com/ashtin/p/C-YqgRjxszz/","******","18075035056622865","3429678052073196787"
"https://www.instagram.com/theoasissf","ami***raz***","https://www.instagram.com/amiesarazan","2024-11-19T03:19:34.000Z","😍😍😍",1,0,,,,"https://www.instagram.com/darcydrollinger/reel/DChuO_JTCb1/","the***iss***","18043559216162563","3504285325084862197"
"https://www.instagram.com/radical_vegan___","sty***olu***nsb******","https://www.instagram.com/stylesolutionsbykim","2024-08-03T03:15:43.000Z","All headed back to their ACTUAL countries of birth???",3,0,[],,,"https://www.instagram.com/p/C-LiabgK7Ga","rad***l_v***n__***","18360462418111788","3425983291363930522"
"https://www.instagram.com/biblia_sagradaofc","wil***sou***","https://www.instagram.com/wilma_souto","2024-08-04T12:23:24.000Z","Amém 🙏🏻",0,0,[],,,"https://www.instagram.com/p/C-Oe5mqhoss","bib***_sa***dao***","18299052637162636","3426812266396683052"
"https://www.instagram.com/reformacristianaaa","uzo***uga***elz*********a","https://www.instagram.com/uzoegwugabrielzubbyokeoma","2024-08-03T11:54:50.000Z","Amen 🙌🔥❤️",2,0,[],,,"https://www.instagram.com/p/C-L1fjOuu5-","ref***acr***ian******","17909931944905767","3426067206142357118"
"https://www.instagram.com/jbsofia","gin***lik***ki","https://www.instagram.com/ginakulikowski","2024-08-02T12:03:49.000Z","That’s a great dream! Has God revealed the meaning of the dream? We will stay tuned! 🙌",2,0,[],,,"https://www.instagram.com/p/C-KfKuiRq5c","jbs***a","18015161111607164","3425687543172476508"
"https://www.instagram.com/almayadeenenglish","buz***nd.***hea*********ts","https://www.instagram.com/buzz.and.fathead.supercats","2024-08-01T16:48:35.000Z","Can a resistance group please address the Coca Cola factory in the illegal settlement in westbank! This will escalate bds as no one else will want to invest in the squatterland and also this will be a surprise in the westbank!",0,0,[],,,"https://www.instagram.com/p/C-IKS_6KVkU","alm***dee***gli***","17976969203725155","3425032802652477716"
"https://www.instagram.com/beliclothing_","olv***lop***ayt***","https://www.instagram.com/olveralopezmaythe","2024-08-02T03:26:15.000Z","Yo 1",1,0,[],,,"https://www.instagram.com/p/C-Johj0u6Uo","bel***oth***_","17913534998886109","3425447219660825896"
"https://www.instagram.com/octavio_vladimirmx","gin***.56***","https://www.instagram.com/gin.bo.568","2024-08-04T13:02:19.000Z","🔥🔥Sexy smile Mr ♥️",0,0,[],,,"https://www.instagram.com/p/C-O0P8RNtw4","oct***o_v***imi******","18081456481444918","3426906160399572024"
"https://www.instagram.com/alka_khaneja","pre***ali***946******","https://www.instagram.com/prem.malik.79462815","2024-08-01T12:13:31.000Z","Nice pic",1,0,[],,,"https://www.instagram.com/p/C-IGpk1SZQ7","alk***han***","17850879405220094","3425016761941595195"
"https://www.instagram.com/uni.e.spourlapalestine","nai***_la***nss***","https://www.instagram.com/naima__labrinssi","2024-08-02T20:01:27.000Z","❤🇵🇸",2,0,[],,,"https://www.instagram.com/p/C-LUb03C-qv","uni***spo***apa*********","17875943916129918","3425921814659590831"
"https://www.instagram.com/trm_candles","tat***a_k***r_m******","https://www.instagram.com/tatyana_komar_model","2024-08-02T12:03:00.000Z","Сто процентов  главное что есть богатый выбор",0,0,[],,,"https://www.instagram.com/p/C-DieWaotIQ","trm***ndl***","18071474806485667","3423731760966586896"
"https://www.instagram.com/express_recycling","the***cha***_sh***","https://www.instagram.com/the_exchange_shed","2024-05-16T20:06:19.000Z","Thank you for being involved and connecting with such an important organisation ❤️",0,0,[],,,"https://www.instagram.com/p/C7BmSZUhZA6","exp***s_r***cli***","18351266611103233","3369142386155687994"
"https://www.instagram.com/nj_native_photo","cer***nly***my","https://www.instagram.com/certainlysammy","2023-11-11T21:15:18.000Z","Love it",0,0,[],,,"https://www.instagram.com/p/CzhB0yuR6aG","nj_***ive***oto***","18241079302233854","3233874033351566982"
"https://www.instagram.com/arisecandles","hou***nfa***","https://www.instagram.com/houstonfams","2023-11-17T18:17:33.000Z","@mEnTaLhEaLtH__cOmMuNiTy",0,0,[],,"[""@mE***LhE***H__*********""]","https://www.instagram.com/p/CzwcOMKL8wn","ari***and***","17902815980892499","3238212252510178343"
"https://www.instagram.com/wearetrellis","che***and***onn******","https://www.instagram.com/cherylandersonnaff","2023-12-29T21:28:47.000Z","So intentional!!!",1,0,[],,,"https://www.instagram.com/p/C1VmsPSxrzq","wea***rel***","18009633239150495","3266687270572702954"
"https://www.instagram.com/lukas_ilgner_topographien","___***f__***","https://www.instagram.com/___paof___","2023-11-30T11:41:22.000Z","👏👏👏",1,0,[],,,"https://www.instagram.com/p/Cz4JS4TtenW","luk***ilg***_to*********n","18400784890058571","3240380811722484182"
"https://www.instagram.com/azfreenews","azf***new***","https://www.instagram.com/azfreenews","2023-11-30T15:01:58.000Z","#azfreenews #newssource #aznews #news #arizonanews #localnews #dailynews #arizona #az #homeless #homelessness #thezone #homelesspeople #azheat #downtownaz #downtownarizona #downtown #homelesscrisis",0,0,[],"[""#azfreenews"",""#newssource"",""#aznews"",""#news"",""#arizonanews"",""#localnews"",""#dailynews"",""#arizona"",""#az"",""#homeless"",""#homelessness"",""#thezone"",""#homelesspeople"",""#azheat"",""#downtownaz"",""#downtownarizona"",""#downtown"",""#homelesscrisis""]",,"https://www.instagram.com/p/C0RkI_fsdPP","azf***new***","17945636627737535","3247535753918534607"
"https://www.instagram.com/tannadhaval","you***nik***hna***","https://www.instagram.com/yourtanikrishna","2025-05-02T14:16:24.000Z","❤️",0,0,,,,"https://www.instagram.com/tannadhaval/reel/C_uNBkaC3I-/","tan***hav***","17974203245849598","3453755246655533630"
"https://www.instagram.com/theofficialoto","pet***hea***roo***","https://www.instagram.com/petrolhead_vroom","2025-02-16T14:08:45.000Z","Bisa sewa alphard😂",0,0,,,,"https://www.instagram.com/p/DGIbN1oSFSu","the***ici***to","18052378123911926","3569222402884261038"
"https://www.instagram.com/samnytt.se","per***nma***as1***","https://www.instagram.com/perssonmattias16","2024-09-02T14:58:14.000Z","Men hur ska salwan inför rätta ? Dom var ju så smarta att dom utvisade honom! Blasfemilagar hör inte hemma i sverige",0,0,,,,"https://www.instagram.com/p/C_Njgk1Iimm","sam***t.s***","18074645416488981","3444565460205578662"
"https://www.instagram.com/samnytt.se","naz***n_t***","https://www.instagram.com/nazanin_t5","2024-05-05T17:09:19.000Z","SD är bäst 👏👏👏👏",1,0,,,,"https://www.instagram.com/p/C6L16o2oA0j","sam***t.s***","17881215993052945","3354011473568337187"
"https://www.instagram.com/svenskaepochtimes","sub***sio***","https://www.instagram.com/submissions","2024-05-27T18:14:08.000Z","Kommer journalisterna på SVT och SR att redogöra sin politiska hemvist?",0,0,,,,"https://www.instagram.com/reel/C7ef8coJHpC","sve***aep***tim***","17957209841773952","3377277263923149378"
"https://www.instagram.com/mfg.parteioesterreich","dea***_re***","https://www.instagram.com/deagal_remyr","2025-03-06T20:36:49.000Z","Immer schön kritisch bleiben. 🔥",1,0,,,,"https://www.instagram.com/reel/DG3ZLHiixEz","mfg***rte***ste*********","18044994602081397","3582442743769272627"
"https://www.instagram.com/auf1.tv","hil***chu***er","https://www.instagram.com/hildeschussler","2025-04-18T19:21:37.000Z","Zum Kotzen",1,0,,,,"https://www.instagram.com/p/DIgDVLStZQZ","auf***v","18077966749776452","3611901550524732441"
"https://www.instagram.com/auf1.tv","hei***ehl***","https://www.instagram.com/heikeoehli","2025-05-30T20:06:44.000Z","Und wir sollen mehr/ länger arbeiten 🤦‍♀️🤮",1,0,,,,"https://www.instagram.com/p/DKBxPEHtTbE","auf***v","18044211587395694","3639406513387550404"
"https://www.instagram.com/auf1.tv","ott***chn***er.******","https://www.instagram.com/otto.schneider.33886","2025-05-25T20:50:16.000Z","Krank was in der EU abgeht",1,0,,,,"https://www.instagram.com/p/DJ-624io-d9","auf***v","18071128126754867","3638604407222036349"
"https://www.instagram.com/auf1.tv","gsx***hom***amg***","https://www.instagram.com/gsxr.thomas.amg","2025-05-23T19:48:32.000Z","👍👍👍💙💙💙",0,0,,,,"https://www.instagram.com/p/DJRX9N5t5A-","auf***v","18054642392204250","3625784536894771262"
"https://www.instagram.com/auf1.tv","omi***st_***_mo******","https://www.instagram.com/omi_best_age_model","2025-03-20T12:40:04.000Z","Die sehen irgendwie so grün blass im Gesicht aus, was die wohl konsumieren?",0,0,,,,"https://www.instagram.com/p/DG8gAZ4tk1x","auf***v","17927021883033734","3583880168763444593"
"https://www.instagram.com/auf1.tv","joe***kej***en","https://www.instagram.com/joedickejurgen","2025-02-17T23:49:23.000Z","Ich bin knapp davor auszurasten.",1,0,,,,"https://www.instagram.com/p/DGFtt4Jtisf","auf***v","18266896045253818","3568459344522914591"
"https://www.instagram.com/auf1.tv","800***wo","https://www.instagram.com/800_sewo","2024-09-30T05:59:41.000Z","❤️❤️",0,0,,,,"https://www.instagram.com/p/DAgX6UNt_mV","auf***v","18091752376485582","3467876875579685269"
"https://www.instagram.com/auf1.tv","aun***7","https://www.instagram.com/aunz197","2024-09-29T15:44:34.000Z","💙💙💙💙",1,0,,,,"https://www.instagram.com/p/DAgWqoQtS9p","auf***v","17887639605037227","3467871399546531689"
"https://www.instagram.com/motvindnorge","jol***jum***2","https://www.instagram.com/jolly_jumper2","2025-05-28T06:17:03.000Z","😮😮😭😭😭🤯🤯🤯🤬🤬",0,0,,,,"https://www.instagram.com/p/DKL4S5qso6p","mot***dno***","17889489138147812","3642252313134010025"
"https://www.instagram.com/motvindnorge","kok***lof***","https://www.instagram.com/kokosfloff","2025-02-08T14:33:05.000Z","Syntes foresten ikke det er fint å hjelpe di landene vi gjør men energi når dem helt fint kan stå til eget ansvar med energi! Dem vil bare ikke ta til ansvar med den regninga, eller å ha feks kjernekraft i sitt eget land så dem presser på oss å ødelegge vårt land med det tullet her og  at vi skal bygge vindkraft/ kjernekraft her istedenfor noe som er noe forbannet tull! Hvis man føler en så trang for å ‘bidra’ med noe kan man gjøre det på et annet vis en at det skal gå ut over vår natur og dyreliv. Det og den helt vanlige Ola og Kari nordmann’s økonomi!",2,0,,,,"https://www.instagram.com/reel/DFzzORzKyE_","mot***dno***","18117597172437575","3563417011737010495"
"https://www.instagram.com/motvindnorge","kok***lof***","https://www.instagram.com/kokosfloff","2025-02-01T06:57:23.000Z","Ja, er så mange som tar stillheten for gitt.
Bare til og med det med bilsus har økt kraftig opp mellom årene. Har prøvd å gå langveis vekk fra veier, men kan enda høre sus langt i det fjærne Så når jeg nå vil ha den samme deilige stillheten som da jeg var barn og lå ute og koste meg med stillhet og bare lytte på naturen og vind suse mellom trærne.. vel eneste tiden jeg klarer nå å oppleve ekte stillhet er mellom 1-3 tiden på natten på vinteren etter mye snø. 
Og når biler kan komme med så mye støy alene.. vel vindmøller er satans verk. 
Nå må folk for søren våkne opp og skjønne det at for mye støy er ikke bra for verken kropp eller sjel.. og begynn å legg vekt på et samarbeid med å holde helgene fredelige.. vi alle har godt av en pust i bakken.",2,1,"[{""likes_number"":1,""reply"":""@kokosfloff 👍👍🥰"",""reply_date"":""2025-02-01T09:32:13.000Z"",""reply_user"":""******""}]",,,"https://www.instagram.com/p/DFgKne7qlzF","mot***dno***","18493091080006072","3557890399360670917"
"https://www.instagram.com/motvindnorge","kje***rid***le","https://www.instagram.com/kjellfridville","2024-12-22T19:46:03.000Z","❤️",0,0,,,,"https://www.instagram.com/p/DD48OaPqLbG","mot***dno***","18048671996283955","3528835181088126662"
"https://www.instagram.com/motvindnorge","sol***196***","https://www.instagram.com/solthe1962","2024-04-24T13:35:15.000Z","👏👏👏",0,0,,,,"https://www.instagram.com/p/C6HY7esKWxX","mot***dno***","18023357266916567","3352758088119184471"
"https://www.instagram.com/deutsche.wildtier.stiftung","ing***fen***","https://www.instagram.com/ingaolfen","2025-05-31T07:44:29.000Z","🐝 🌺",2,0,,,,"https://www.instagram.com/p/DKTrEjIKs9U","deu***he.***dti*********ng","18056900630011970","3644445952068734804"
"https://www.instagram.com/ori_marshall","noo***eha***","https://www.instagram.com/noohshehabii","Wed May 21 2025 11:44:43 GMT+0000 (Coordinated Universal Time)","😍😍",,1,,,,"https://www.instagram.com/p/DJ6eNOQIBfc/","ori***rsh***","18075198559721486","3637352499106551772_206850571"
"https://www.instagram.com/trav_da_great","yoh***ahm***","https://www.instagram.com/yohannahmala","Thu Oct 16 2025 01:31:54 GMT+0000 (Coordinated Universal Time)","So fun!!!",,3,,,,"https://www.instagram.com/p/DP2f9wXDcnl/","tra***a_g***t","18060624986175019","3744320723461458405_145112649"
"https://www.instagram.com/dailywithshay","pur***_he***hy_*********","https://www.instagram.com/purely_healthy_living","Wed Sep 03 2025 19:51:54 GMT+0000 (Coordinated Universal Time)","Need to try!!❤️",,1,,,,"https://www.instagram.com/p/DOJnjakiZnO/","dai***ith***y","18093378364678881","3713673325269588430_21733265"
"https://www.instagram.com/acharmedstory","pos***vem***ful*********","https://www.instagram.com/positivemindfulnesshub","Sat Jun 14 2025 04:28:56 GMT+0000 (Coordinated Universal Time)","🙌🙌",,0,,,,"https://www.instagram.com/p/DKyUEWBN56m/","ach***eds***y","18087219220642678","3653070507201765030_1823924471"
"https://www.instagram.com/tundevisuals","dem***eam***dbl******","https://www.instagram.com/demicreamsandblings","Thu Aug 28 2025 11:35:20 GMT+0000 (Coordinated Universal Time)","😍😍😍",,0,,,,"https://www.instagram.com/p/DN3MeD32CMU/","tun***isu***","18068726131948422","3708487660463465236_966538196"
"https://www.instagram.com/melanieinkart","_.i***eal***a","https://www.instagram.com/_.ilovealexia","Sun Oct 05 2025 00:19:24 GMT+0000 (Coordinated Universal Time)","Don’t date an artist if u can’t handle 4+ hours of not hearing from them bc they are in paint mode lol",,5,,,,"https://www.instagram.com/p/DO0l7t3jiMb/","mel***ein***t","18088337356882438","3725769623162725147_73211185065"
"https://www.instagram.com/ila_salis","con***aol***ssi***","https://www.instagram.com/concypaolorossi","Fri Sep 19 2025 19:38:08 GMT+0000 (Coordinated Universal Time)","Anch'io ❤️❤️❤️❤️❤️",,0,,,,"https://www.instagram.com/p/DOy3rb5jdsX","ila***lis***","18086723401847633","3725284719241059095_67033530320"
"https://www.instagram.com/quiklearnn","sta***mon***","https://www.instagram.com/stablemonk","Mon Feb 10 2025 17:34:56 GMT+0000 (Coordinated Universal Time)","link",,1,,,,"https://www.instagram.com/p/DF5nGDIC7Rn/","qui***arn***","18072157654702789","3565052519527461991_51618101964"
"https://www.instagram.com/rimamobarak","cha***tte***sai******","https://www.instagram.com/charlotte_ensaigne","Sat Sep 20 2025 13:09:15 GMT+0000 (Coordinated Universal Time)","Boycott direct.",,1,,,,"https://www.instagram.com/p/DO0zOpljdCf","rim***bar***","18124954318434270","3725828098840449183_6826865554"
"https://www.instagram.com/manonaubryfr","bie***l","https://www.instagram.com/bierbol","Thu Sep 25 2025 08:40:27 GMT+0000 (Coordinated Universal Time)","Un post sur France TV serait intéressant",,0,,,,"https://www.instagram.com/p/DO_ijV7DWGn","man***ubr***","18071967286913023","3728850978788434343_12997153427"
"https://www.instagram.com/kristatgilbert","lea***shi***ach*********","https://www.instagram.com/leadershipcoachmelissa","Wed May 07 2025 16:45:20 GMT+0000 (Coordinated Universal Time)","I love this SO. MUCH.",,0,,,,"https://www.instagram.com/p/DJVKvsbscPD/","kri***tgi***rt","18066949567985783","3626852332906595267_7727166"
"https://www.instagram.com/enterclubbrno","eup***ius***","https://www.instagram.com/euphoniusdnb","Mon Oct 06 2025 16:25:57 GMT+0000 (Coordinated Universal Time)","Let's go! 💃🕺🎃",,0,,,,"https://www.instagram.com/p/DPeWHIijFcK/","ent***lub***o","18107715295572466","3737521987993229066_49992102881"
"https://www.instagram.com/itsreemraquel","sad***e.g***","https://www.instagram.com/sadiiee.g","Tue Apr 15 2025 16:23:52 GMT+0000 (Coordinated Universal Time)","🔥🔥",,0,,,,"https://www.instagram.com/p/DIeSj1dRDfz/","its***mra***l","18033647927330437","3611405578615928819_829897560"
"https://www.instagram.com/movewmads","cel***.wo***","https://www.instagram.com/celine.wong","Thu May 15 2025 03:59:50 GMT+0000 (Coordinated Universal Time)","So proud of you!! Your physical and mental transformation is so inspiring 🥹💗💗",,0,,,,"https://www.instagram.com/p/DJpZnb6zywX/","mov***ads***","17930500364932207","3632547235651070999_31982235916"
"https://www.instagram.com/audrey_wellnesssecrets","dis***erg***","https://www.instagram.com/discovergaia","Fri Aug 22 2025 10:11:13 GMT+0000 (Coordinated Universal Time)","I didn’t actually know, very useful tips!! Thank you 👏",,1,,,,"https://www.instagram.com/p/DNp0Gomv8fH/","aud***_we***ess*********","18124074367426747","3704721322824157127_8767771818"
"https://www.instagram.com/nathan_falcke","_se***tia***tee******","https://www.instagram.com/_sebastian_steele_","Mon Sep 15 2025 07:36:57 GMT+0000 (Coordinated Universal Time)","Country classic brothers! 💪🏻 it's been a pleasure watching your journey bro massive congratulations 👑🥇",,1,,,,"https://www.instagram.com/p/DOnTkPWj_6c/","nat***_fa***e","18221131492305988","3722029670314540700_322329655"
"https://www.instagram.com/josh_silovs","chr***oph***tho*********r","https://www.instagram.com/christopher_thomas_carter","Fri Jan 06 2023 09:41:27 GMT+0000 (Coordinated Universal Time)","Here’s to a good friend 🍻 🔥",,1,,,,"https://www.instagram.com/p/CnEZ-O5vZxf/","jos***ilo***","17905953266695827","3009644678761782367_9121574564"
"https://www.instagram.com/nfl","eri***lla***","https://www.instagram.com/erickvlla","Mon Oct 20 2025 00:12:57 GMT+0000 (Coordinated Universal Time)","Giants blinked we didn’t flinch",,2,,,,"https://www.instagram.com/p/DQAq8LBADvT","******","18344120419201383","3747183742922275795_205593849"
"https://www.instagram.com/municipiogye","vil***sar***11","https://www.instagram.com/villa.sari1111","Sat Oct 04 2025 06:26:32 GMT+0000 (Coordinated Universal Time)","Una meta para muchos poder participar",,0,,,,"https://www.instagram.com/reel/DPWsBRWjeVk","mun***pio***","18018854693780700","3735366542348379492_1427889480"
"https://www.instagram.com/municipiogye","ros***_ng***","https://www.instagram.com/rosaa__ngel","Thu Sep 25 2025 11:29:54 GMT+0000 (Coordinated Universal Time)","Nadie lo espera con más ansias que yo 🙏🏼",,0,,,,"https://www.instagram.com/reel/DO_evjpjQ6S","mun***pio***","17922063471119179","3728834225974873746_1427889480"
"https://www.instagram.com/terminalesgye","_bl***ed4***","https://www.instagram.com/_blessed444_","Sun Sep 28 2025 03:50:02 GMT+0000 (Coordinated Universal Time)","Eventos así llenan de alegría y orgullo a la comunidad, más iniciativas de este tipo por favor",,0,,,,"https://www.instagram.com/p/DPHFh_kDpbw","ter***ale***e","17986254854896716","3730975142525703920_8519935784"
"https://www.instagram.com/municipiogye","and***mor***ec","https://www.instagram.com/andreamorantec","Mon Sep 22 2025 23:40:37 GMT+0000 (Coordinated Universal Time)","👏👏👏👏👏",,0,,,,"https://www.instagram.com/p/DO6RNocjVkh/","mun***pio***","18050245214307348","3727367345175091489_1427889480"
"https://www.instagram.com/aspen.place","kin***kre***s","https://www.instagram.com/kinleykreates","Thu Jun 26 2025 12:22:45 GMT+0000 (Coordinated Universal Time)","Absolutely 🙌",,0,,,,"https://www.instagram.com/p/DLVI55txQEl/","asp***pla***","18127195612444075","3662873035289198885_8090432057"
"https://www.instagram.com/thetatteredpew","sea***eka***","https://www.instagram.com/seasidekarla","Fri Sep 27 2024 22:56:08 GMT+0000 (Coordinated Universal Time)","pumpkin24",,0,,,,"https://www.instagram.com/p/DAWUp8dPQw6/","the***ter***ew","18037909535162811","3465047806651993146_2313252036"
"https://www.instagram.com/thetatteredpew","ath***int***ild******","https://www.instagram.com/athomeinthewildwood","Thu Oct 03 2024 11:23:35 GMT+0000 (Coordinated Universal Time)","So beautiful, Kelly 😍",,1,,,,"https://www.instagram.com/p/DAotVSsPP8E/","the***ter***ew","18001741013658951","3470222888160526084_2313252036"
"https://www.instagram.com/meg.rae15","har***ghm***r","https://www.instagram.com/harleighmderr","Sat Jun 21 2025 12:44:47 GMT+0000 (Coordinated Universal Time)","AHHH I LOVE YOU",,1,,,,"https://www.instagram.com/p/DLEE3YBxKHu/","meg***e15***","18068524184016054","3658070194888417774_49685695354"
"https://www.instagram.com/t.a.n.i.a_rodrigues","t.a***i.a***dri******","https://www.instagram.com/t.a.n.i.a_rodrigues","Sat Oct 11 2025 16:22:57 GMT+0000 (Coordinated Universal Time)","In order to achieve true health you must do it from within 1st",,0,,,,"https://www.instagram.com/p/DPQWBhGjSi0/","t.a***i.a***dri******","18079411114850241","3733580952376256692_67053275021"
"https://www.instagram.com/malueris.art","the***ela***r","https://www.instagram.com/thepalelawyer","Sat Sep 27 2025 21:36:49 GMT+0000 (Coordinated Universal Time)","THE BANDMATES! Gale’s fit Wyll’s hair…so many good details",,1,,,,"https://www.instagram.com/p/DPHVF-mioyp","mal***is.***","18099249793713439","3731043586092469417_70907440077"
"https://www.instagram.com/chialienart","lor***o_g***zi_*********","https://www.instagram.com/lorenzo_grazzi_autore","Thu Sep 11 2025 09:26:29 GMT+0000 (Coordinated Universal Time)","❤️❤️❤️❤️❤️❤️❤️❤️❤️❤️❤️❤️❤️....",,1,,,,"https://www.instagram.com/p/DOdPFUNghFt","chi***ena***","17872563735422873","3719195203274412397_21646000449"
"https://www.instagram.com/leithien_dekarios","che***.ha***sty***","https://www.instagram.com/cheryl.hardesty_","Sun Oct 12 2025 14:23:56 GMT+0000 (Coordinated Universal Time)","Omg the first photo so tender! 🔥❤️",,1,,,,"https://www.instagram.com/p/DPtcG_ADezP","lei***en_***ari***","17857360653536031","3741770490680569039_63932629028"
"https://www.instagram.com/shaiva_23","ang***_of***ial*********","https://www.instagram.com/angeli_official_music","Tue Jul 29 2025 15:52:10 GMT+0000 (Coordinated Universal Time)","🙌🙌",,1,,,,"https://www.instagram.com/p/DL-4b4FSQJ6","sha***_23***","18061991939254164","3674622552229610106_30820088071"
"https://www.instagram.com/mimic_hobby","la3***ign***","https://www.instagram.com/la3design_x","Wed Oct 08 2025 21:47:21 GMT+0000 (Coordinated Universal Time)","Insane!! So awesome! You guys really love the big stuff, haha!",,1,,,,"https://www.instagram.com/p/DPjjH-ADJGA","mim***hob***","18291972232284304","3738986594884686208_59400376729"
"https://www.instagram.com/work.from.home.momof2","her***git***y_a******","https://www.instagram.com/her_digitally_auraa","Tue Sep 16 2025 06:14:51 GMT+0000 (Coordinated Universal Time)","Totally can relate 😂",,1,,,,"https://www.instagram.com/p/DN6fL5mEtbj/","wor***rom***me.*********","18073344529884960","3709414400291165923_71653538096"
"https://www.instagram.com/aderlass81","col***ion***ian*********emb***","https://www.instagram.com/collezionistianonimi_assemble","Wed Oct 15 2025 18:09:10 GMT+0000 (Coordinated Universal Time)","🤩🤩🤩",,1,,,,"https://www.instagram.com/p/DP0K_atCLp4","ade***ss8***","18109598956518157","3743665528716704376_22343029729"
"https://www.instagram.com/withtoxicblondes","pre***eyl***s","https://www.instagram.com/preesleylewis","Tue Sep 09 2025 21:26:32 GMT+0000 (Coordinated Universal Time)","No paro de recomendar este podcast 🎧👍",,0,,,,"https://www.instagram.com/p/DOZIedjDjTu/","wit***xic***nde***","18069227116943470","3718040245054092526_73072043659"
"https://www.instagram.com/auri.otaku03","ade***e_s***","https://www.instagram.com/adeline_skz","Mon Oct 06 2025 10:50:49 GMT+0000 (Coordinated Universal Time)","❤️❤️❤️🌹🌹🌹🌹",,1,,,,"https://www.instagram.com/p/DPdwywxjM9r","aur***tak***","18418430968105589","3737357860364668779_69665376670"
"https://www.instagram.com/b3kka_03","sil***_rl***","https://www.instagram.com/silvia_rlb","Mon Sep 08 2025 15:18:26 GMT+0000 (Coordinated Universal Time)","🤩🤩🔥",,0,,,,"https://www.instagram.com/p/DOWGDiiiEo2","b3k***03","17892897471183608","3717185173964999222_65138485818"
"https://www.instagram.com/cabaretmexico","jos***nue***pec***","https://www.instagram.com/josemanuelespeche","Wed Aug 06 2025 02:14:03 GMT+0000 (Coordinated Universal Time)","Cómo me gustaría verlo!",,0,,,,"https://www.instagram.com/p/DM-iHpoOvPc/","cab***tme***o","18076416172788681","3692538803806467036_63796134091"
"https://www.instagram.com/meovv","sam***040***","https://www.instagram.com/samia.0409","Sat Jan 03 2026 10:58:34 GMT+0000 (Coordinated Universal Time)","Ella 😭😭😭",0,0,,,,"https://www.instagram.com/reel/DS9DCllEljC/","******","18008920250666675","3800207032499460290_65648716598"
"https://www.instagram.com/tasyafarasya","has***ama***","https://www.instagram.com/hasyimaman","Tue Dec 30 2025 13:17:23 GMT+0000 (Coordinated Universal Time)","Tengkew @skintificid",0,0,,,"[""@sk***ifi***""]","https://www.instagram.com/reel/DS43zeukbrV/","tas***ara***","18273924589303208","3799031715931994837_174788501"
"https://www.instagram.com/arnyjiang","beb***aa2***","https://www.instagram.com/beby_naa23","Tue Dec 30 2025 05:51:04 GMT+0000 (Coordinated Universal Time)","MasyaAllah sukses selalu kak😍sehat selalu, bahagia selalu😍selamat atas cabang barunya😍buah mangga baru di petik, komen pertama dapet traktiran ga akak cantik😍",0,0,,,,"https://www.instagram.com/reel/DS4F2eGCZB_/","arn***ang***","18054293942367522","3798812019084857471_479755406"
"https://www.instagram.com/tombachik","dac***and***ean***","https://www.instagram.com/dachelande_jean","Tue Oct 14 2025 18:07:02 GMT+0000 (Coordinated Universal Time)","❤️❤️❤️",,0,,,,"https://www.instagram.com/p/DPzCbefCV3k/","tom***hik***","17948921484024959","3743346399526870500_22539440"
"https://www.instagram.com/motywatorfinansowy","kac***obj***","https://www.instagram.com/kacperobj16","Sat Jun 19 2021 12:26:20 GMT+0000 (Coordinated Universal Time)","Jakbyś miał 15 tysięcy to w co byś zainwestował i dlaczego? 🤔",,1,,,,"https://www.instagram.com/p/CQSuXjbMtDL","mot***tor***ans******","17864894336526375","2599343863670952139_10576103699"
"https://www.instagram.com/rarebeauty","sot***ind***gs","https://www.instagram.com/sothewindsings","Thu Oct 16 2025 15:55:08 GMT+0000 (Coordinated Universal Time)","This is stunning 😍🔥",,1,,,,"https://www.instagram.com/p/DP4DG4dEaVZ/","rar***aut***","18094502764693381","3744756757232199001_3109786630"
"https://www.instagram.com/loempieta_gracie_thecavaliers","car***oha***sch******","https://www.instagram.com/carlajohannaschaap","Sun Oct 12 2025 16:45:16 GMT+0000 (Coordinated Universal Time)","Loveeeee ❤️❤️❤️❤️❤️",,0,,,,"https://www.instagram.com/p/DPrB3J1DEQd/","loe***eta***aci*********lie***","17893955670341335","3741092103632733213_49614411735"
"https://www.instagram.com/missgrandspain","aoc***ept***eli***","https://www.instagram.com/aoconcept_atelier","Wed Apr 30 2025 13:07:46 GMT+0000 (Coordinated Universal Time)","👏",,1,,,,"https://www.instagram.com/p/DFNk_pitjti/","mis***and***in","18499365826008880","3552658384672406370_2198403248"
"https://www.instagram.com/mightymitsou","man***and***o","https://www.instagram.com/manwomandoggo","Sun Sep 28 2025 11:25:35 GMT+0000 (Coordinated Universal Time)","You got your own lovely little house!! 😍😍😍 love it!",,1,,,,"https://www.instagram.com/p/DPH8-kwjpAI/","mig***mit***","18021399485672272","3731218999167324168_60733308478"
"https://www.instagram.com/naantwistwoodland","sud***aa_***","https://www.instagram.com/sudipaaa_","Tue Oct 07 2025 21:29:42 GMT+0000 (Coordinated Universal Time)","@saritajade_ ok baddie 😍😍",,0,,,"[""@sa***aja***""]","https://www.instagram.com/p/DPfhT_6EaTa/","naa***ist***dla***","18103218235624821","3737852725565695194_69580524696"
"https://www.instagram.com/yol__ssam","o2_***gju***","https://www.instagram.com/o2_yongjunt","Fri Aug 01 2025 00:23:22 GMT+0000 (Coordinated Universal Time)","😍😍",,1,,,,"https://www.instagram.com/p/DMxvn4DvOfp","yol***sam***","18130991602447914","3688939018231015401_3220491234"
"https://www.instagram.com/rielmayer","ori***42","https://www.instagram.com/orius.42","Sun Oct 05 2025 18:56:19 GMT+0000 (Coordinated Universal Time)","🫠🫠🫠",,1,,,,"https://www.instagram.com/p/DPcDj0pDKTb","rie***yer***","17889920856222932","3736877446655157467_66487457638"
"https://www.instagram.com/rhidacted_","kai***_mc***","https://www.instagram.com/kait_m_mc","Mon Nov 04 2024 11:26:52 GMT+0000 (Coordinated Universal Time)","Omg, legend!",,0,,,,"https://www.instagram.com/p/DB2Q4u3OG4X","rhi***ted***","18049846342816852","3492052828425842199_778637097"
"https://www.instagram.com/maddiepageee","mar***k.b***","https://www.instagram.com/marie.k.band","Mon May 19 2025 04:26:05 GMT+0000 (Coordinated Universal Time)","THATS MY KIDDO!! 🥹🫶",,0,,,,"https://www.instagram.com/p/DJ0BRTmRTM0","mad***pag***","18079460305747616","3635536386515612468_188112077"
"https://www.instagram.com/jamizzi","act***jax***222***","https://www.instagram.com/actionjaxson222","Tue Aug 05 2025 02:13:13 GMT+0000 (Coordinated Universal Time)","😍😍😍",,0,,,,"https://www.instagram.com/p/DM9ApZSytPL/","jam***i","18149501413390957","3692110114171048907_5711906"
"https://www.instagram.com/renatafrancaa","vkb***s","https://www.instagram.com/vkbliss","Wed Apr 09 2025 11:21:12 GMT+0000 (Coordinated Universal Time)","Parabens, pois a luta e ardua e desafiante mesmo no inicio. Quem ssi de casa sabe bem, principalmente quando se vence sozinha. 😍👏🔥",,0,,,,"https://www.instagram.com/p/Cox2o1WLxsR/","ren***fra***a","18024395840677218","3040451524022967057_273187670"
"https://www.instagram.com/marijkebootsma","elz***89","https://www.instagram.com/elze1989","Fri Dec 20 2024 13:17:46 GMT+0000 (Coordinated Universal Time)","Ahhhh, happy bday mommy! ❤️",,0,,,,"https://www.instagram.com/p/DDy4YgqIkvh/","mar***ebo***ma","18071912191648059","3527129433123212257_224635022"
"https://www.instagram.com/launtiaa","bla***emy***","https://www.instagram.com/blameremy","Thu Jan 02 2025 20:34:43 GMT+0000 (Coordinated Universal Time)","❤️❤️",,1,,,,"https://www.instagram.com/p/DEVgoZBPF1r/","lau***aa","18297411364238154","3536876595501096299_6012144928"
"https://www.instagram.com/rickwulfk95","zhy***ath***en_***","https://www.instagram.com/zhyletatheyeen_yu","Mon Oct 06 2025 16:26:01 GMT+0000 (Coordinated Universal Time)","OwO 🔥",,1,,,,"https://www.instagram.com/p/DPeXB2fiIt6","ric***lfk***","17976123008776087","3737526023064423290_66968669802"
"https://www.instagram.com/julesbikini","jul***l.2***","https://www.instagram.com/julimel.29","Wed Sep 10 2025 16:43:36 GMT+0000 (Coordinated Universal Time)","Vielen Dank für die Einblicke 😍🙏🏻🫶🏻",0,1,,,,"https://www.instagram.com/p/DObXo7qCe2c/","jul***iki***","18090310369696345","3718669885229362588_226308240"
"https://www.instagram.com/charlie_azzah23","vav***g","https://www.instagram.com/vavafig","Wed Sep 10 2025 16:09:20 GMT+0000 (Coordinated Universal Time)","@gymshark 🔥🔥🔥🔥🔥",0,0,,,"[""@gy***ark***""]","https://www.instagram.com/p/DObQlHzDYVm/","cha***e_a***h23***","18066308189215898","3718638837062010214_286534484"
"https://www.instagram.com/posedbycamellia","hay***arc***ld","https://www.instagram.com/hayleyarchbold","Wed Jun 25 2025 10:15:52 GMT+0000 (Coordinated Universal Time)","Love this!! Super helpful 🤍🙌",0,0,,,,"https://www.instagram.com/p/DLUee30hJxa/","pos***yca***lia***","18045767549547908","3662686459875597402_64268532785"
"https://www.instagram.com/coachkiameshawilson","sop***ty_***erg******","https://www.instagram.com/sopretty_covergirl","Mon Sep 15 2025 21:21:58 GMT+0000 (Coordinated Universal Time)","😍😍😍😍",0,1,,,,"https://www.instagram.com/p/DOoxYVrEVEq/","coa***iam***awi******","18058902680527707","3722442268839334186_1910519988"
"https://www.instagram.com/paige_tingey","kyl***udd***w","https://www.instagram.com/kyle_rudderow","Thu Sep 25 2025 16:46:26 GMT+0000 (Coordinated Universal Time)","Oooo I can’t wait to see this 😮",0,2,,,,"https://www.instagram.com/p/DPCCdN-CQ-H","pai***tin***","18018940868784979","3729554245373464455_213902813"
"https://www.instagram.com/little_lil_lifts","mar***0pr***ish******","https://www.instagram.com/marial0prestisheikh","Fri Aug 01 2025 18:44:40 GMT+0000 (Coordinated Universal Time)","🔥",0,0,,,,"https://www.instagram.com/p/DM0gx0jO87_/","lit***_li***ift***","17853747570501240","3689718155891691263_327304801"
"https://www.instagram.com/coachcams83","xel***iou***","https://www.instagram.com/xeloupiou","Sun Aug 24 2025 20:23:09 GMT+0000 (Coordinated Universal Time)","Quelle bombe 😍",0,0,,,,"https://www.instagram.com/p/DNviVYVUNrH/","coa***ams***","18382675336192192","3706332021167020743_3668292204"
"https://www.instagram.com/goldandgloryindo","jho***arc***x.8***","https://www.instagram.com/jhon_march1_x.8","Mon Dec 08 2025 08:07:25 GMT+0000 (Coordinated Universal Time)","Mang ini event top punya gimana terutama yang privilage itu",0,0,,,,"https://www.instagram.com/p/DR_Krh6kldA","gol***dgl***ind***","17962593329863053","3782789183833265984_70868564358"
"https://www.instagram.com/deaskiaptr","_jo***all***","https://www.instagram.com/_journallin_","Mon Dec 01 2025 15:26:44 GMT+0000 (Coordinated Universal Time)","Kak, pakai kamera apa? Lucu sekaliii",0,1,,,,"https://www.instagram.com/reel/DRrZ83lkweb/","dea***apt***","18160760551393671","3777226846497867675_8275165303"
"https://www.instagram.com/rafael.fonteles","adi***nco***oqn***","https://www.instagram.com/adilsoncoelhoqn","2024-08-14T16:52:42.000Z","👏👏👏👏👏👏👏",1,0,,,,"https://www.instagram.com/p/C-k70_tPrv4/","raf***.fo***les***","17851170327256864","3433131942524926968"
"https://www.instagram.com/kitchenaidusa","wha***ove***ew_******","https://www.instagram.com/what_love_drew_forth","2024-12-09T21:30:47.000Z","Do not pay for gift wrapping. They do nothing to protect it in transit and it will arrive damaged. They also really screwed up the custom message on the card. It was a really big disappointment as I remember how cool the KitchenAid custom wrapping used to look. It made it feel high quality and now it feels like something chucked off the Amazon shelf and kicked around by FedEx.",2,0,,,,"https://www.instagram.com/reel/DDIuNUPC86e","kit***nai***a","17929028606978704","3515262734382648990"
"https://www.instagram.com/diversityslo","nat***a.f***.ma***","https://www.instagram.com/natasha.from.mars","2024-08-06T04:38:14.000Z","Can anyone who’s attending in person please ask what “pay for slay” is.
Thanks!
Let’s learn together.",0,0,[],,,"https://www.instagram.com/p/C-T3aMKvth4","div***ity***","18040637368822620","3428327433688766584"
"https://www.instagram.com/palestine_alsif001","ros***ose***nya***","https://www.instagram.com/rose_rose_tanya","2024-08-07T09:38:14.000Z","😢😢😢😢🖤❤️‍🩹💜🩵💙🩷💔💔💔💔🤲🙏",0,0,[],,,"https://www.instagram.com/p/C-UjZOMTIPA","pal***ine***sif******","17900461842033443","3428520881189323712"
"https://www.instagram.com/chanakyaa_tv","sri***721***","https://www.instagram.com/srini_7212","2024-08-06T10:31:40.000Z","Comedy pannitu😂 irukanunga...",3,0,[],,,"https://www.instagram.com/p/C-UwpgTTDHX","cha***yaa***","17912126480895616","3428579174750368215"
"https://www.instagram.com/corefitnessbynaz","hus***l19***","https://www.instagram.com/husamal1957","2024-08-06T13:38:55.000Z","Death to IDF and Zionists from Apartheid State of Terror. May all of them burn in hell.",1,0,[],,,"https://www.instagram.com/p/C-SwddKpbqq","cor***tne***yna***","18335523712135449","3428015396796873386"
"https://www.instagram.com/srftmlzhr","srf***zhr***","https://www.instagram.com/srftmlzhr","2024-08-05T19:49:40.000Z","نبشركم بظهور رجل من عترة الرسـ،ـول محمد ص  اسمه يواطئ اسم الرسـ،ـول و هو أحمد 
قال الله تعالى : ﴿هُوَ الَّذِي أَرْسَلَ رَسُـ،ـولَهُ بِالْهُدَى وَدِينِ الْحَقِّ لِيُظْهِرَهُ عَلَى الدِّينِ كُلِّهِ وَلَوْ كَرِهَ الْمُشْرِكُونَ﴾ التوبة: 33.
عن عبد الله عن النبي (ص): (يلي أمر هذه الأمة في آخر زمانها رجل من أهل بيتي يواطئ اسمه اسمي)[ الـ،ـمـ،ـهدي المنتظر في ضوء الأحاديث والآثار الصحيحة ص٢٥٨].
لمعرفة المزيد راجع الرابط في بايو حسابي
@wy_270_
@vzvggxsv
@2.gn5
@sbhlrqy907
@y_9gn_",0,0,[],,"[""@wy***0_"",""@vz***xsv***"",""******"",""@sb***qy9***"",""@y_***_""]","https://www.instagram.com/p/C-TOfNUNUNM","srf***zhr***","18248341558249351","3428147458611692364"
"https://www.instagram.com/if_somi","tah***sha***","https://www.instagram.com/tahsinshaque","2024-08-05T21:38:10.000Z","Happy?",0,5,"[{""likes_number"":1,""reply"":""@tahsinshaque is this you confirming?"",""reply_date"":""2024-08-05T23:28:16.000Z"",""reply_user"":""if_***i""},{""likes_number"":1,""reply"":""@if_somi hasn’t London traumatized u enough? @tahsinshaque take her to Ireland with her."",""reply_date"":""2024-08-06T17:46:27.000Z"",""reply_user"":""ifs***92""},{""likes_number"":1,""reply"":""@ifsuma92 ok I'm fine with Ireland too @tahsinshaque"",""reply_date"":""2024-08-07T07:30:44.000Z"",""reply_user"":""if_***i""}]",,,"https://www.instagram.com/p/C-TQ0a4Oqqd","if_***i","18305099020091813","3428157712376703645"
"https://www.instagram.com/doi.codi.brasil","_ca***sal***","https://www.instagram.com/_carlosalvim","2024-08-06T21:50:53.000Z","😂😂😂 mais um que vai descobrir sobre as virgens!!!",0,0,[],,,"https://www.instagram.com/p/C-SzHtbOuqA","doi***di.***sil***","18033767365898427","3428027096566000256"
"https://www.instagram.com/ammar_dawood1","zah***a.m***n","https://www.instagram.com/zahra_a.mizan","2024-08-06T13:02:12.000Z","عاشت ايدك دكتور😍😍👏👏👏",0,0,[],,,"https://www.instagram.com/p/C-TD4j_tMBF","amm***daw***1","17906074680005717","3428100822439084101"
"https://www.instagram.com/shinnails.il","shm***ani***a","https://www.instagram.com/shmidmanirina","2024-08-02T21:17:57.000Z","Молодец! Здорово и приятно получать новые знания! Только вперед! Ты - умница!",0,0,[],,,"https://www.instagram.com/p/C-KgwfnoAKJ","shi***ils***","17926891316816610","3425694536542716553"
"https://www.instagram.com/seisfranjasoficial","cir***obl***","https://www.instagram.com/circulobloom","2024-08-04T17:02:51.000Z","No es estereotipo cis hetero, ""hetero normativo"". Esas son las palabras",0,0,[],,,"https://www.instagram.com/p/C-LToLvuDOh","sei***anj***fic******","18052259683808638","3425918265819935649"
"https://www.instagram.com/peachels1411","luv***rli***t_","https://www.instagram.com/luvstarlightt_","Sun Sep 28 2025 08:33:01 GMT+0000 (Coordinated Universal Time)","OMG THIS IS SUPER JAWDROPPINGG, u guys improved so much im so happy and proud of yall! 💕",,4,,,,"https://www.instagram.com/p/DPI0LjrE2Ko","pea***ls1***","17852351151552335","3731461783912932008_61027060787"
"https://www.instagram.com/just_chaotic08","yum***_ka***","https://www.instagram.com/yumina_kasim","Thu Feb 13 2025 18:58:30 GMT+0000 (Coordinated Universal Time)","YOU DID AN AWESOME JOB REALLY MIKA-CHAN ✨✨💕💕🛐🛐💥💥💥",,0,,,,"https://www.instagram.com/p/DGAjf6GKiMz","jus***hao***08","18341485540155780","3567007029189550899_50735230887"
"https://www.instagram.com/deniquexo","chr***iin***e","https://www.instagram.com/christiinanae","Wed Sep 24 2025 21:17:25 GMT+0000 (Coordinated Universal Time)","🅿️",,0,,,,"https://www.instagram.com/p/DO_pJxCDNKU/","den***exo***","17955513146865812","3728880007516050068_272814875"
"https://www.instagram.com/molzlifestyle","ash***.la***ord***","https://www.instagram.com/ashley.langford","Wed Oct 15 2025 17:35:55 GMT+0000 (Coordinated Universal Time)","😂",,1,,,,"https://www.instagram.com/reel/DP1pp01kTOu/","mol***fes***e","18024780032773752","3744081859367220142_181115140"
"https://www.instagram.com/made_by_mellie55","nov***is","https://www.instagram.com/novqllis","Wed Jun 25 2025 15:41:43 GMT+0000 (Coordinated Universal Time)","I LOVEEEEEE YOUR BABY",,1,,,,"https://www.instagram.com/p/DLT_l-JM4FX","mad***y_m***ie5***","18058988597022459","3662550608259547479_61285864376"
"https://www.instagram.com/betteroffdeadlifting","jil***hmi***wsk***","https://www.instagram.com/jill.chmielewski","Fri Mar 14 2025 20:34:10 GMT+0000 (Coordinated Universal Time)","Words of wisdom! I love this Melissa. ❤️",,2,,,,"https://www.instagram.com/p/DHMKBKZOtR0/","bet***off***dli******","18053558699333249","3588287063452734580_9767583275"
"https://www.instagram.com/arjundutta94","veg***veg***","https://www.instagram.com/vegnonveg","2025-01-09T08:52:31.000Z","💚❤️",1,0,,,,"https://www.instagram.com/arjundutta94/p/DEmOxRmyJ-Z/","arj***utt***","18018144224656972","3541583115783282585"
"https://www.instagram.com/stutisatijaa","ric***raz***","https://www.instagram.com/richa.razdan","2024-11-21T15:25:29.000Z","masti time🥹❤️❤️",0,0,,,,"https://www.instagram.com/stutisatijaa/reel/DCokHkKvVHJ/","stu***ati***","18333394348195118","3506211159453553097"
"https://www.instagram.com/anshaxii","_.z***i__***","https://www.instagram.com/_.zx_hi___","2024-12-07T16:37:03.000Z","❤️❤️❤️❤️❤️❤️❤️❤️❤️❤️",0,0,,,,"https://www.instagram.com/anshaxii/reel/C3StRYlvsSp/","ans***ii","18037963739516466","3301900583543162025"
"https://www.instagram.com/effigy.music","iil***yy_***","https://www.instagram.com/iillyyyy__l","2025-02-07T09:01:31.000Z","Heartbroken story 😢😂",0,0,,,,"https://www.instagram.com/effigy.music/reel/DFuunJNM9AI/","eff***.mu***","18056272346489638","3561989355380920328"
"https://www.instagram.com/effigy.music","ft.***_09***","https://www.instagram.com/ft.asu_09","2025-03-23T21:05:52.000Z","Dance 😂😂😂",0,0,,,,"https://www.instagram.com/effigy.music/reel/DFabLHBsqcM/","eff***.mu***","18091108897576275","3556274366477149964"
"https://www.instagram.com/_foxxex","pra***.sr***sta***","https://www.instagram.com/pranat.srivastava","2023-06-22T12:52:11.000Z","Mere saath mat kariyo post",0,0,,,,"https://www.instagram.com/_foxxex/p/CtyrZGpoLfq/","_fo***x","18288554713139688","3130755532103661546"
"https://www.instagram.com/sachiin_mathur","tti***h","https://www.instagram.com/ttiya.h","2024-11-08T15:49:50.000Z","Drippin🙌",0,0,,,,"https://www.instagram.com/sachiin_mathur/p/DCHaIKkPi4b/","sac***n_m***ur","18378334432099165","3496878545987055131"
"https://www.instagram.com/0sheen","nit***aro***1","https://www.instagram.com/nitisharora01","2024-06-29T11:12:24.000Z","👏👏👏",2,0,,,,"https://www.instagram.com/0sheen/reel/C8y9WB4SXFK/","******","18344333167113960","3401050463301890378"
"https://www.instagram.com/priya_umbarkar_999","may***861***","https://www.instagram.com/mayu68861","2025-01-18T10:20:27.000Z","🙏🏻🙏🏻🙏🏻",1,0,,,,"https://www.instagram.com/priya_umbarkar_999/reel/DDbjKSIIJGm/","pri***umb***ar_******","18084898219567999","3520562172006535590"
"https://www.instagram.com/casey_dacanay","lux***cin***","https://www.instagram.com/luxelocin","Thu Sep 04 2025 04:54:21 GMT+0000 (Coordinated Universal Time)","This is so cute, love it!",,0,,,,"https://www.instagram.com/p/DOHVA3SkulR/","cas***dac***y","18072677842892478","3713028836134414673_333840397"
"https://www.instagram.com/teaminfernocosplay","sek***gha***","https://www.instagram.com/sekou_ghafur","Tue Oct 07 2025 21:24:22 GMT+0000 (Coordinated Universal Time)","😂🤣👏🏼👏🏼👏🏼",,0,,,,"https://www.instagram.com/p/DOTx0Zkjqti","tea***fer***osp******","18128525842466024","3716533222659500898_70971657085"
"https://www.instagram.com/sixstringshoot3r","nut***bou***ffe***","https://www.instagram.com/nuttsaboutcoffee","Tue Mar 05 2024 20:43:57 GMT+0000 (Coordinated Universal Time)","🔥Ooohhh",,0,,,,"https://www.instagram.com/p/CuCiRofRbA7","six***ing***ot3***","17886939627006629","3135219035890102331_256986455"
"https://www.instagram.com/rhapsodic.jellyfish","cos***nn","https://www.instagram.com/cos_linn","Thu Oct 09 2025 17:20:43 GMT+0000 (Coordinated Universal Time)","I love the colors so much 😍",,0,,,,"https://www.instagram.com/p/DPmGh8akbuu","rha***dic***lly******","17892262131345302","3739705261469842350_5525196336"
"https://www.instagram.com/martina.fricke.coaching","pou***yn","https://www.instagram.com/poutylyn","Mon Sep 29 2025 07:44:39 GMT+0000 (Coordinated Universal Time)","😍😍😍",,1,,,,"https://www.instagram.com/p/DPLZCFFjI5u/","mar***a.f***ke.*********","18042367673413745","3732186810270125678_9765918167"
"https://www.instagram.com/so_ha_art","t_h***a._***w","https://www.instagram.com/t_hawaa._draw","Fri Sep 12 2025 22:40:00 GMT+0000 (Coordinated Universal Time)","نحتاج توتوريال لرسم الزجاج !🤏",,1,,,,"https://www.instagram.com/p/DOgr-WbDcYq","so_***art***","18528752524021057","3720166692891772458_40411559439"
"https://www.instagram.com/kai_.ugnaro922","w.w***ed3***","https://www.instagram.com/w.wasted3","Thu Sep 04 2025 20:37:56 GMT+0000 (Coordinated Universal Time)","its soo satisfying 🤗🤗🫣",,1,,,,"https://www.instagram.com/p/DOKkOWCkz8U","kai***gna***22","18084997864722008","3713940158132993812_46153845441"
"https://www.instagram.com/xyfur__","sol***scl***e","https://www.instagram.com/solarisclipse","Mon Apr 07 2025 06:23:38 GMT+0000 (Coordinated Universal Time)","🙌🙌🔥",,1,,,,"https://www.instagram.com/p/DIIdCyUMibP","xyf***_","18502580362010999","3605259236523779791_68671673386"
"https://www.instagram.com/kostanay_news","kur***101***","https://www.instagram.com/kurma010101","Fri Oct 10 2025 09:37:44 GMT+0000 (Coordinated Universal Time)","А можно она расскажет как и мы простые люди откуда у неё деньги ?. Ведь мы тоже отчитываемся за всё. За переводы.",,0,,,,"https://www.instagram.com/p/DPn3eYzDNQI","kos***ay_***s","18114431410551838","3740201996323181576_1966713763"
"https://www.instagram.com/wawaadjie","ati***___***","https://www.instagram.com/atikas___","Sat Dec 27 2025 12:33:31 GMT+0000 (Coordinated Universal Time)","kawan aku terakhir putus samo tali pusat kak @dnfmvk_ @myhiara",0,3,,,"[""@dn***k_"",""@my***ra""]","https://www.instagram.com/reel/DSwvUAfkQJQ/","waw***jie***","18151080181442110","3796742568978481744_3531826060"
"https://www.instagram.com/satriavijie","far***_in***02","https://www.instagram.com/farhan_indra02","Sat Dec 27 2025 05:55:07 GMT+0000 (Coordinated Universal Time)","Helm JPX emang mantap buat riders",0,0,,,,"https://www.instagram.com/reel/DSj--5rCe0v/","sat***vij***","18067985525147560","3793152312592690479_7993987"
"https://www.instagram.com/audreyfannyau","******","https://www.instagram.com/natshs","Mon Dec 15 2025 12:46:09 GMT+0000 (Coordinated Universal Time)","Alamak sidang skripsi 😭",0,0,,,,"https://www.instagram.com/reel/DSFRUr0k0L7/","aud***fan***u","18047570639471811","3784507250107958011_642220713"
"https://www.instagram.com/vanessaudreys","hel***a_l***5","https://www.instagram.com/hellena_lie15","Wed Dec 10 2025 22:32:10 GMT+0000 (Coordinated Universal Time)","Udah punya juga dungs samaan kyk cici❤️",0,1,,,,"https://www.instagram.com/reel/DSFuOWwkvOj/","van***aud***s","18062022899553430","3784634358524212131_338454333"
"https://www.instagram.com/tabitalarisa","rat***dit***","https://www.instagram.com/ratuanditya","Fri Dec 12 2025 06:45:11 GMT+0000 (Coordinated Universal Time)","Suka😍😍",0,1,,,,"https://www.instagram.com/reel/DSJyjhHk9bz/","tab***lar***","18070122449455290","3785779304849463027_427483759"
"https://www.instagram.com/thenicolelay","mei***ny","https://www.instagram.com/mei.rany","Sat Dec 13 2025 10:38:57 GMT+0000 (Coordinated Universal Time)","OH MY, MY GF OH MY",0,1,,,,"https://www.instagram.com/reel/DSM1J0Jk-WQ/","the***ole***","18099701209829215","3786635157647386000_3457317450"
"https://www.instagram.com/jaychou","jan***dor***","https://www.instagram.com/janayadora","2025-10-22T15:44:52.000Z","这么晚了哥还没睡啊，哥又带着我们欣赏艺术作品了😍",0,0,,,,"https://www.instagram.com/p/DQHejOuj4_S","jay***u","18098760262707250","3749099577199792082_5951385086"
"https://www.instagram.com/duniaparentingdotid","vya***lat***","https://www.instagram.com/vyaaaalatsry","Thu Dec 25 2025 12:16:09 GMT+0000 (Coordinated Universal Time)","Emosi bgttt🔥",0,0,,,,"https://www.instagram.com/reel/DSr4erbEsoL/","dun***are***ngd******","18072363569526337","3795375509803813387_8406429347"
"https://www.instagram.com/theasianparent_id","muf***.n.***fee***","https://www.instagram.com/muffin.n.coffee","Tue Dec 23 2025 12:33:39 GMT+0000 (Coordinated Universal Time)","Yaahh semuanya udah sold out 😂",0,1,,,,"https://www.instagram.com/reel/DSmsfKnAWxV/","the***anp***nt_***","17867352972531209","3793915391848311893_2124400594"
"https://www.instagram.com/gujrati_trader","oce***ofp***it","https://www.instagram.com/oceansofprofit","Wed Dec 03 2025 14:41:30 GMT+0000 (Coordinated Universal Time)","🧿✅👌🏼",0,0,,,,"https://www.instagram.com/gujrati_trader/p/DRzUbBtjN1e/","guj***i_t***er","18157455571404341","3779454330488020318_50315029265"
"https://www.instagram.com/gujrati_trader","roh***ahi***5","https://www.instagram.com/rohit_ahir_75","Wed Dec 10 2025 17:13:04 GMT+0000 (Coordinated Universal Time)","🔥",0,0,,,,"https://www.instagram.com/gujrati_trader/p/DSFMruwj7Ep/","guj***i_t***er","17999986424835916","3784486843577250089_50315029265"
"https://www.instagram.com/gujrati_trader","pur***pat***391***","https://www.instagram.com/puran.patel.3914","Mon Dec 08 2025 07:39:22 GMT+0000 (Coordinated Universal Time)","Aa fack che",0,0,,,,"https://www.instagram.com/gujrati_trader/p/DEB1-7atCTa/","guj***i_t***er","17945322990080536","3531341003706606810_50315029265"
"https://www.instagram.com/financebysanjay","moh***ed_***eb1***","https://www.instagram.com/mohammed_shoeb1","2025-07-10T03:52:04.000Z","What was the source of this data ?📊",0,0,,,,"https://www.instagram.com/financebysanjay/p/DL6YgZ0BJZK","fin***eby***jay***","18524145358048359","3673356225929844298_40176374"
"https://www.instagram.com/emyaghnia","fys***nn","https://www.instagram.com/fys_hsnn","Thu Dec 11 2025 13:31:58 GMT+0000 (Coordinated Universal Time)","inimah 12 besok lgsg sold😩",0,0,,,,"https://www.instagram.com/reel/DSH46h6E-33/","emy***nia***","17901183060340622","3785244324570328567_298496386"
"https://www.instagram.com/ve.idn","umm***ayr***.n","https://www.instagram.com/umma_fayra_u.n","Wed Dec 24 2025 14:53:59 GMT+0000 (Coordinated Universal Time)","Masya Allah... hadiahnya cantik sekali😍",0,0,,,,"https://www.instagram.com/reel/DSpOU6Bki73/","******","17881149882431248","3794627170380426999_1764615552"
"https://www.instagram.com/dermatologysurgeon","bis***ama***","https://www.instagram.com/bish_mama","Sun Jan 04 2026 20:23:17 GMT+0000 (Coordinated Universal Time)","Can you do Costco skincare products please?",0,0,,,,"https://www.instagram.com/reel/DTGac6tEYQp/","der***olo***urg******","18063035216250901","3802843271748748329_46532609714"
"https://www.instagram.com/skintificid","rin***z","https://www.instagram.com/rinasuz","Sun Dec 28 2025 10:59:18 GMT+0000 (Coordinated Universal Time)","💙💙💙",0,0,,,,"https://www.instagram.com/reel/DSpLIv3k8Kg/","ski***fic***","18544203820010842","3794613140702085792_50891064217"
"https://www.instagram.com/allie_cook7","hos***aku***r","https://www.instagram.com/hosannakummer","Sun Feb 23 2025 03:01:10 GMT+0000 (Coordinated Universal Time)","Beautiful 💜",,0,,,,"https://www.instagram.com/p/DGMFF6MTE0X/","all***coo***","17864375457264942","3570251000911252759_194346947"
"https://www.instagram.com/george_n_kelce","bea***ed_***ali***","https://www.instagram.com/beach_ed_cavalier","Fri Oct 10 2025 12:59:45 GMT+0000 (Coordinated Universal Time)","Stunning 🔥🔥🔥…..💙🎣",,0,,,,"https://www.instagram.com/p/DPoO1eeERdR/","geo***_n_***ce","18071841917185478","3740304738031310673_59083572872"
"https://www.instagram.com/fatoomiiiy","pri***ss_***ksh***","https://www.instagram.com/princess_pinksh","Sun Oct 05 2025 04:58:54 GMT+0000 (Coordinated Universal Time)","ماشاءالله تبارك الله 🌹",,0,,,,"https://www.instagram.com/p/DPOthm9kqGj/","fat***iii***","18035397995701746","3733121362807660963_51088438787"
"https://www.instagram.com/mies.west","rom***and***out***","https://www.instagram.com/romeevandenhout","Mon Sep 09 2024 08:31:12 GMT+0000 (Coordinated Universal Time)","Gecondoleerd 😘🤍",,0,,,,"https://www.instagram.com/p/C_qvBzVo6ej/","mie***est***","18059345026674812","3452778896362284963_104872843"
"https://www.instagram.com/head_ski","rya***rri***6","https://www.instagram.com/ryanfarris906","Sat Oct 11 2025 00:20:08 GMT+0000 (Coordinated Universal Time)","👏👏👏🔥🔥🔥",,0,,,,"https://www.instagram.com/p/DPoqpHLiCau/","hea***ki","18062156090528242","3740427033692874414_289953650"
"https://www.instagram.com/laurend_fitness","and***bog***","https://www.instagram.com/andreabogart","Thu Sep 04 2025 20:20:32 GMT+0000 (Coordinated Universal Time)","❤️❤️❤️❤️🔥🔥🔥🔥🔥",,0,,,,"https://www.instagram.com/p/DOMRpRzEj9D/","lau***d_f***ess***","18353923387086840","3714421396073496387_360231415"
"https://www.instagram.com/metropolitanodelisboa","jac***a.f***es","https://www.instagram.com/jaciara.fgomes","2024-04-29T20:53:11.000Z","Como não amar este projeto!! @forronomiradouro 😍🔥",6,0,,,"[""@fo***nom***dou***""]","https://www.instagram.com/metropolitanodelisboa/reel/C6WTsobPj8J/","met***oli***ode*********","18053856334559057","3356957202198707977"
"https://www.instagram.com/metropolitanodelisboa","bkl***on","https://www.instagram.com/bklisbon","2024-08-20T08:09:15.000Z","Já faltou mais. Muito bem @metropolitanodelisboa 💪",3,0,,,"[""@me***pol***nod*********""]","https://www.instagram.com/metropolitanodelisboa/reel/C-4mD1rsr7l/","met***oli***ode*********","18314495539158590","3438665705064677093"
"https://www.instagram.com/naina.3013","nis***l_g***","https://www.instagram.com/nischal_garg","2025-02-03T19:46:55.000Z","❤️🧿",1,1,"[{""likes_number"":1,""reply"":""@nischal_garg 😍"",""reply_date"":""2025-02-03T19:48:39.000Z"",""reply_user"":""nai***301***""}]",,,"https://www.instagram.com/naina.3013/reel/DFm8xWWJn-F/","nai***301***","18128807884403815","3559799829521923973"
"https://www.instagram.com/nikhilchandwani","gok***aj_***","https://www.instagram.com/gokulraj_dk","2025-04-23T16:10:22.000Z","👏👏👏👏",0,0,,,,"https://www.instagram.com/nikhilchandwani/reel/DFfq7Rmzi9L/","nik***cha***ani***","17997324356619675","3557751021953232715"
"https://www.instagram.com/patbanahan","dan***at","https://www.instagram.com/dandecat","2024-01-25T07:28:34.000Z","yuppp",0,0,,,,"https://www.instagram.com/patbanahan/reel/C2IpQrVOrIX/","pat***aha***","17982838931626306","3281053794485056023"
"https://www.instagram.com/srushti_kudale","pra***sha***wal***","https://www.instagram.com/pratiksha.lawale","2025-04-20T19:43:28.000Z","Link",0,1,"[{""likes_number"":0,""reply"":""@pratiksha.lawale I’ve sent you a message, please check your dm❤️"",""reply_date"":""2025-04-20T19:43:36.000Z"",""reply_user"":""sru***i_k***le""}]",,,"https://www.instagram.com/srushti_kudale/reel/DHYRSlYBgTu/","sru***i_k***le","18153258526366989","3591696746700735726"
"https://www.instagram.com/anmolgarg101","poo***up_***","https://www.instagram.com/poojagup_22","2025-04-14T11:29:52.000Z","😂😂",0,0,,,,"https://www.instagram.com/anmolgarg101/reel/DHL06hRTjbk/","anm***arg***","17909620107104540","3588194248002778852"
"https://www.instagram.com/naina.3013","ish***lle***nzo*********","https://www.instagram.com/ishabelle_yonzon_tamang","2025-04-20T04:28:26.000Z","How to order from deodab",1,1,"[{""likes_number"":0,""reply"":""@ishabelle_yonzon_tamang check Dm ❤️"",""reply_date"":""2025-04-21T17:23:43.000Z"",""reply_user"":""nai***301***""}]",,,"https://www.instagram.com/naina.3013/reel/DIi5a64pEmn/","nai***301***","18085577950616393","3612702389689403815"
"https://www.instagram.com/its_jennet","hem***i_d***","https://www.instagram.com/hemangi_dave","2025-04-18T06:59:09.000Z","Looks amazing!!",0,0,,,,"https://www.instagram.com/its_jennet/reel/DIg1N3cqzAp/","its***nne***","17872253529243689","3612120950506205225"
"https://www.instagram.com/yasminesquivelmx","mir***sal***","https://www.instagram.com/mireyasalda4","2025-05-03T01:24:44.000Z","Muy rico",1,0,,,,"https://www.instagram.com/reel/DJKuabAy0IO","yas***esq***elm***","17882997942272491","3623912976023241230"
"https://www.instagram.com/juri_brahma__","dib***gan***brh***","https://www.instagram.com/dibyanganaa.brhma","2023-02-01T05:29:28.000Z","De jarou obe salbari ao gwma hwiya mwn ng 😢",0,4,"[{""likes_number"":0,""reply"":""@juri_brahma__ kidnap by darshan raval?🤣"",""reply_date"":""2023-02-01T05:41:57.000Z"",""reply_user"":""dib***gan***brh***""},{""likes_number"":0,""reply"":""@dibyanganaa_brahma Addy sw😂"",""reply_date"":""2023-02-01T05:44:33.000Z"",""reply_user"":""jur***rah***_""},{""likes_number"":0,""reply"":""@juri_brahma__ 😮😂"",""reply_date"":""2023-02-01T06:05:24.000Z"",""reply_user"":""dib***gan***brh***""}]",,,"https://www.instagram.com/juri_brahma__/p/CoG6NJYSCxX/","jur***rah***_","17943551492394766","3028363789575138391"
"https://www.instagram.com/rini_ericahyadi","mom***aff***","https://www.instagram.com/moms.daffaaa","2025-03-21T09:12:09.000Z","Pengen banget dapet Hampers nya untuk temani lebaran di perantauan karena tahun ini gak mudik 🙏🥰 @rini_ericahyadi pilih aku donggg😇 @asmaranti93 @bella_alika @febryyanty70 @samsonriyan @sofiapatrick98",0,0,,,"[""@ri***eri***yad***"",""@as***ant***"",""@be***_al***"",""@fe***yan***0"",""@sa***nri***"",""@so***pat***k98***""]","https://www.instagram.com/p/DHYpfSmPYea","rin***ric***adi***","17914814681983006","3591803173007624090"
"https://www.instagram.com/memesby_yk","den***omo***m","https://www.instagram.com/denroromoslem","2025-03-18T21:43:12.000Z","😂😂",0,0,,,,"https://www.instagram.com/memesby_yk/reel/DGcq8qqCEna/","mem***y_y***","18003704846685048","3574921091149744602"
"https://www.instagram.com/pooja_lunkarnsar","ver***jap***","https://www.instagram.com/vermarjapal","2025-03-16T13:20:32.000Z","Good morning",0,0,,,,"https://www.instagram.com/pooja_lunkarnsar/reel/DHPgOyNyksc/","poo***lun***nsa***","18139951564375773","3589229181517056796"
"https://www.instagram.com/dipankanaaa.03","har***_ro***_k","https://www.instagram.com/harish_rohan_k","2025-02-02T02:37:50.000Z","❤️",0,0,,,,"https://www.instagram.com/dipankanaaa.03/p/DEnSBy1sPvO/","dip***ana***03","17844913659408648","3541878920094743502"
"https://www.instagram.com/shimei.nathan","ika***ngu***_","https://www.instagram.com/ikaranngupta_","2023-08-12T17:43:27.000Z","😮🔥🙌",0,0,,,,"https://www.instagram.com/shimei.nathan/p/Cv2LdX_oMPy/","shi***.na***n","17989259408486794","3167769785041732594"
"https://www.instagram.com/shimei.nathan","abb***ouz***","https://www.instagram.com/abbydsouzaa7","2023-04-20T17:47:54.000Z","🔥🔥🔥",0,0,,,,"https://www.instagram.com/shimei.nathan/p/CrQv3mBo-II/","shi***.na***n","17889512669814175","3085176273335738888"
"https://www.instagram.com/kripatrivedi2002","kri***a_s***yog***","https://www.instagram.com/krishna_shivyogi","2024-10-17T17:19:30.000Z","🦋",0,0,,,,"https://www.instagram.com/kripatrivedi2002/p/C_Dxa1dKbmQ/","kri***riv***200***","17929006478844114","3441811888624220560"
"https://www.instagram.com/soldejaneiro","mar***mil***","https://www.instagram.com/mara__milli","Fri Oct 10 2025 02:11:45 GMT+0000 (Coordinated Universal Time)","⚡️😍 @hester._.sky",,0,,,"[""@he***r""]","https://www.instagram.com/p/DPcEO3_kSc6","sol***ane***","18076981841031997","3736880405191665466_1785626724"
"https://www.instagram.com/solarsir3n","el_***ell***","https://www.instagram.com/el_oh_ella","Mon Jul 07 2025 02:33:15 GMT+0000 (Coordinated Universal Time)","YAYYYYYYY😊",,1,,,,"https://www.instagram.com/p/DLxlADWsPkP","sol***ir3***","18048954095406728","3670877902606498063_26212263243"
"https://www.instagram.com/kittyclawzzzzz","_th***is_***ser******","https://www.instagram.com/_this_is_kysser_art_","Fri Sep 12 2025 13:32:48 GMT+0000 (Coordinated Universal Time)","So cute😍😍😍😍",,1,,,,"https://www.instagram.com/p/DOYhL9xDafJ","kit***law***zz","18041124506409313","3717867450164684745_57612403538"
"https://www.instagram.com/kamino.mnmni","rez***le","https://www.instagram.com/rezticle","Mon May 12 2025 01:19:22 GMT+0000 (Coordinated Universal Time)","Oh and happy birthday vanni heh😋🎉",,1,,,,"https://www.instagram.com/p/DJiMPsVzHrz","kam***.mn***","18060782336153500","3630518104574687987_66505523692"
"https://www.instagram.com/gtp_fashion","mar***_l_***aib***","https://www.instagram.com/maryam_l_shuaib","2024-11-28T15:10:39.000Z","Price",0,0,,,,"https://www.instagram.com/reel/DBwJmffIncu","gtp***shi***","18288090175210671","3490331938779199278"
"https://www.instagram.com/dumbeckcustomhomes","mon***cgo***","https://www.instagram.com/monicacgoode","2024-11-19T14:11:47.000Z","Beautiful. Do you know which ADplan this was exactly?",0,1,"[{""likes_number"":0,""reply"":""@monicacgoode Plan 860056MCD :)"",""reply_date"":""2024-11-19T14:20:19.000Z"",""reply_user"":""adh***epl***""}]",,,"https://www.instagram.com/reel/DCDJrMNNaPD","dum***kcu***mho******","18060390319838956","3495680286232257475"
"https://www.instagram.com/sephora","nic***een***","https://www.instagram.com/nicaqueen76","2024-11-04T20:01:37.000Z","I love a good set",0,0,,,,"https://www.instagram.com/reel/DB4kL87SKjw","sep***a","18051417340784099","3492700662033590512"
"https://www.instagram.com/rafael.fonteles","mar***ous***101******","https://www.instagram.com/mariasousa25101982","2024-11-22T22:40:44.000Z","👏👏👏👏",0,0,,,,"https://www.instagram.com/p/DCpx-rnJMse","raf***.fo***les***","18059393053874203","3506553596598864670"
"https://www.instagram.com/rafael.fonteles","rit***ma4***","https://www.instagram.com/ritalima4977","2024-03-06T15:18:48.000Z","👏",0,0,,,,"https://www.instagram.com/p/C3-yNgRLQNV/","raf***.fo***les***","17986245563467421","3314307206117917525"
"https://www.instagram.com/vishruti_joyes_parenting","kez***aju***lwa***","https://www.instagram.com/kezrinajungalwala","2024-11-08T03:21:33.000Z","Awwwww….. 😍",0,0,,,,"https://www.instagram.com/vishruti_joyes_parenting/reel/DCDdK9uNqpn/","vis***ti_***es_*********","18059754964840920","3495766032586812007"
"https://www.instagram.com/anitasdigitaldiaryy","582***anr***","https://www.instagram.com/5821dhanraj","2025-05-25T17:47:57.000Z","Who said you look delicious?",0,0,,,,"https://www.instagram.com/anitasdigitaldiaryy/reel/DJJadluyvTf/","ani***dig***ldi******","18073419169911292","3623543757783889119"
"https://www.instagram.com/anitasdigitaldiaryy","_th***ush***ah","https://www.instagram.com/_theayush_shah","2025-05-11T14:55:14.000Z","🤍🤍",0,0,,,,"https://www.instagram.com/anitasdigitaldiaryy/reel/DJOc-16hXKz/","ani***dig***ldi******","18070504408938151","3624962213879837363"
"https://www.instagram.com/larelledamentor","eve***pac***een***","https://www.instagram.com/eventspacequeen","Wed Oct 01 2025 19:02:06 GMT+0000 (Coordinated Universal Time)","Gotta start now",,1,,,,"https://www.instagram.com/p/DO_2kp_kjNa/","lar***eda***tor***","18151240195365133","3728939029988782938_65005945789"
"https://www.instagram.com/jaimieivory","gri***yvi***lz","https://www.instagram.com/grizzlyvisualz","Fri Jun 27 2025 23:49:05 GMT+0000 (Coordinated Universal Time)","🔥🔥🔥🔥🔥",,1,,,,"https://www.instagram.com/p/DLbB8wzAiN4/","jai***ivo***","17960676701958368","3664531295406531448_190350567"
"https://www.instagram.com/masthermindco","_su***ssw***ann******","https://www.instagram.com/_successwithannette","Mon Sep 15 2025 19:36:20 GMT+0000 (Coordinated Universal Time)","🔥🔥🔥",,1,,,,"https://www.instagram.com/p/DOn_wwZjope/","mas***rmi***o","17960236979989757","3722224044478466654_60442620686"
"https://www.instagram.com/gmonster2017","eme***ua","https://www.instagram.com/emelygua","Sun Jun 08 2025 15:38:03 GMT+0000 (Coordinated Universal Time)","i loveee",,0,,,,"https://www.instagram.com/p/DKpQlwPRhIe","gmo***er2***","17894446248123628","3650521936121172510_2951246085"
"https://www.instagram.com/nnoem__","kn.***ota***","https://www.instagram.com/kn.dakotaart","Fri Oct 03 2025 07:23:43 GMT+0000 (Coordinated Universal Time)","whoa 😳✨ he looks absolutely gorgeous!!",,1,,,,"https://www.instagram.com/p/DPTlptBEa1m","nno***_","17926322505112809","3734494109576047974_64445422369"
"https://www.instagram.com/bakemonart","sen***est***","https://www.instagram.com/senzatesto","Tue Sep 16 2025 07:52:54 GMT+0000 (Coordinated Universal Time)",,,1,,,,"https://www.instagram.com/p/DOn-vNLiCZj","bak***nar***","18075253742037938","3722219539896215139_9533755472"
"https://www.instagram.com/n4ru_cosplay","ino***cos***","https://www.instagram.com/inori_cos","Tue Oct 07 2025 07:20:28 GMT+0000 (Coordinated Universal Time)","So beautiful!!😍",,1,,,,"https://www.instagram.com/p/DPf3h8nDFnR","n4r***osp***","18045060218661330","3737950441121274321_3924751681"
"https://www.instagram.com/soraxcrossing","hun***soy***n","https://www.instagram.com/hungrysoybean","Tue Sep 09 2025 21:14:10 GMT+0000 (Coordinated Universal Time)","Such a cute entry! 😍 I love how you continued the mini dress!💜and thr sneakers are so cool🙌🏻💗",,1,,,,"https://www.instagram.com/p/DOZNv2JDDdc","sor***ros***g","18371340430197769","3718063429924960092_38240369793"
"https://www.instagram.com/soraxcrossing","zou***.ll***rat******","https://www.instagram.com/zou_yi.llustration","Tue Sep 09 2025 20:03:28 GMT+0000 (Coordinated Universal Time)","😍🖤💖Super cute and fun version! Love all the elements you added to it.👏",,1,,,,"https://www.instagram.com/p/DOZNv2JDDdc","sor***ros***g","17880022413389810","3718063429924960092_38240369793"
"https://www.instagram.com/soraxcrossing","yli***_ar***","https://www.instagram.com/yliane_art","Fri Sep 26 2025 13:56:51 GMT+0000 (Coordinated Universal Time)","Love the combination of the pink and green, so beautiful 😍😍🩷💚",,1,,,,"https://www.instagram.com/p/DPESBfPDISa","sor***ros***g","18398910313142954","3730185658464765082_38240369793"
"https://www.instagram.com/municipiogye","shi***yan***lak*********","https://www.instagram.com/shirleyanarelakelmitt","Thu Sep 04 2025 13:18:57 GMT+0000 (Coordinated Universal Time)","👏👏",,0,,,,"https://www.instagram.com/reel/DOGzfMiDZEQ","mun***pio***","18061809302344833","3712881386945614096_1427889480"
"https://www.instagram.com/kisaragi_fueru","******","https://www.instagram.com/6ade","Thu Oct 09 2025 08:41:25 GMT+0000 (Coordinated Universal Time)","ازنا طريقه مقارنة شفتها بحياتي",,1,,,,"https://www.instagram.com/p/DPlK_UbERUu","kis***gi_***ru","17937520518083344","3739443397322151214_12296477362"
"https://www.instagram.com/luigi_antonica","fas***nab***chi***","https://www.instagram.com/fashionable_china","Wed Aug 27 2025 22:36:14 GMT+0000 (Coordinated Universal Time)","🔥🔥🔥",,1,,,,"https://www.instagram.com/p/DEHhAFtMbum/","lui***ant***ca","18108275050526933","3532937574357253030_6042226620"
"https://www.instagram.com/maribelbfernandez","mrs***lyl***ain******","https://www.instagram.com/mrskellylorrainereid","Mon Aug 18 2025 19:32:12 GMT+0000 (Coordinated Universal Time)","Such precious moments",,0,,,,"https://www.instagram.com/p/DNgbK1Kx1Jo/","mar***lbf***and***","18080808832903504","3702078385238266472_9384306774"
"https://www.instagram.com/qyldriss","yue***hie***","https://www.instagram.com/yuewishies","Mon May 26 2025 15:17:51 GMT+0000 (Coordinated Universal Time)","Peak QUIL artworkkk I love the coloring here sosososooooo MUCHIII💕💕😵😵☁️🌸💖💜adorable ++",,1,,,,"https://www.instagram.com/p/DJ9P2y4PHms","qyl***ss","18085892083658524","3638133810165217708_7008384717"
"https://www.instagram.com/juangarg","man***red***o","https://www.instagram.com/mangiaredadio","Tue Sep 23 2025 05:53:22 GMT+0000 (Coordinated Universal Time)","😍😍😍",,1,,,,"https://www.instagram.com/p/DONgeQBDOT_/","jua***rg","18522579406009135","3714768083920676095_216167036"
"https://www.instagram.com/transport.shym","myr***aev***bai***","https://www.instagram.com/myrzabaevalibai","Fri Oct 10 2025 05:30:52 GMT+0000 (Coordinated Universal Time)","Транспорт Шымкент Бәйдібек және Мұстафа Шоқай көшесі қиылысындағы асфальтті қырып алып тастағандарыңа екі апта болды. Соның кесірінен қатты кептеліс күнде! Сол 60 метір асфальтті қашан жөндейсіңдер???",,0,,,,"https://www.instagram.com/reel/DPnbmELiGxo","tra***ort***ym","18120849577508349","3740079378638859368_21969573955"
"https://www.instagram.com/brendavillalba","jim***era***","https://www.instagram.com/jime_teran","Mon Apr 17 2023 01:35:20 GMT+0000 (Coordinated Universal Time)","Amooooooo 😍😍😍😍",,0,,,,"https://www.instagram.com/p/CrHhMD5uIfa/","bre***vil***ba","17904077102761882","3082578434316601306_16292768"
"https://www.instagram.com/yasminesquivelmx","kar***__c***","https://www.instagram.com/karina__cz18","2025-05-18T04:46:04.000Z","Me encanta 😍❤️",0,0,,,,"https://www.instagram.com/p/DJxpPn-pjiU","yas***esq***elm***","18050723672367643","3634867767890819220"
"https://www.instagram.com/emsacademy.id","jul***arj***","https://www.instagram.com/julfikarjul3","Tue Dec 09 2025 10:58:46 GMT+0000 (Coordinated Universal Time)","👏",0,0,,,,"https://www.instagram.com/reel/DSCOXAjE_Xc/","ems***dem***d","18100919158808557","3783649790732269020_78768367605"
"https://www.instagram.com/aqeelacalista","ari***pti***1","https://www.instagram.com/ari_septiani1","Wed Dec 17 2025 10:17:39 GMT+0000 (Coordinated Universal Time)","Cantik banget anak ini😭😭😭😭 gak kuatttt 🤸‍♀️🤸‍♀️🤸‍♀️🤸‍♀️",0,9,,,,"https://www.instagram.com/reel/DSXEZzGga78/","aqe***cal***a","18159853324396103","3789516976498519804_281829012"
"https://www.instagram.com/bandung.banget","oyi***lu","https://www.instagram.com/oyinablu","Fri Dec 19 2025 04:50:50 GMT+0000 (Coordinated Universal Time)","lagian ide siapa sih anj yg nyuruh gajah buat bersih² ??? Mending kirim alat berat dlu deh kesana, ngotak dikit deh pejabat tlllll0ll",0,0,,,,"https://www.instagram.com/reel/DSbp_7JkiY_/","ban***g.b***et","17967307502844861","3790808224107734591_1653027090"
"https://www.instagram.com/louisvuitton","dan***.ba***s.9***","https://www.instagram.com/danilo.bastos.942","Thu Dec 11 2025 12:05:13 GMT+0000 (Coordinated Universal Time)","Gratidão meu Deus por tudo na minha vida 🙏🙌",0,0,,,,"https://www.instagram.com/reel/DSE_YYnjYLS/","lou***uit***","18094802875867348","3784428339529089746_187619120"
"https://www.instagram.com/adria_taufik___","agu***lra***","https://www.instagram.com/agungjlra","Fri Dec 19 2025 15:06:46 GMT+0000 (Coordinated Universal Time)",,0,0,,,,"https://www.instagram.com/reel/DScI4NIEWDh/","adr***tau***___***","18336918064234615","3790944033095901409_40706543956"
"https://www.instagram.com/karynbukankarny","cho***1th***t","https://www.instagram.com/choky11thecat","Sun Dec 21 2025 12:46:39 GMT+0000 (Coordinated Universal Time)","Ini kak karyn yang suca bukan sih?",0,0,,,,"https://www.instagram.com/reel/DShllORkqY1/","kar***uka***rny***","18076732040257944","3792477646891427381_62732529905"
"https://www.instagram.com/jejouw","fro***urh***_","https://www.instagram.com/fromyourhate_","Sat Dec 20 2025 09:31:55 GMT+0000 (Coordinated Universal Time)","Dengan celana gombrong pembelian di thailand aku menangkan hadiah stiker pack itu.",0,0,,,,"https://www.instagram.com/reel/DSel6ZgkRZ2/","******","18090254981064474","3791634677133022838_287880845"
"https://www.instagram.com/anindythaarsa","kur***b","https://www.instagram.com/kur0sab","Tue Dec 09 2025 13:39:09 GMT+0000 (Coordinated Universal Time)","dr semua urgensi yg ada, dia lebih memikirkan ""VIRAL""",0,1,,,,"https://www.instagram.com/reel/DSCo76Sk78F/","ani***tha***a","18086467081835005","3783766675842907909_1423953371"
"https://www.instagram.com/ardya.th","meg***ran***","https://www.instagram.com/megamiranty","Sun Nov 23 2025 03:42:02 GMT+0000 (Coordinated Universal Time)","😂😂😂 neeed juara 1 ektingnya ni👏👏, untung tangannya sm mamina diturunin kan😂😂",0,0,,,,"https://www.instagram.com/reel/DRYlKNIgR_c/","ard***th","18096601657667898","3771928116939792348_1749843436"
"https://www.instagram.com/firhanmci6","chi***_ko***","https://www.instagram.com/chindy_ko","Sat Dec 20 2025 05:29:30 GMT+0000 (Coordinated Universal Time)","🤤🤤🤤🤤 ngiler beneran bg 😂",0,0,,,,"https://www.instagram.com/reel/DR6uODCCU7u/","fir***mci***","18294852937263197","3781538112598527726_618701287"
"https://www.instagram.com/mancitywomen","jav***rot***nov***","https://www.instagram.com/javoxirotajonov_","2025-03-02T14:52:14.000Z","Who is the man player of the month?",0,0,,,,"https://www.instagram.com/p/DGsPAg4CMvJ","man***ywo***","18054270869177225","3579301809850207177"
"https://www.instagram.com/verstappencom","ten***joy***d","https://www.instagram.com/tenderjoywild","2025-02-25T14:08:39.000Z","To the one and only 4 time champion of the world can’t wait to see you again on track Max 💙",0,0,,,,"https://www.instagram.com/maxverstappen1/reel/DF98HRQI35d/","ver***ppe***m","18000972518724727","3566270862298676829"
"https://www.instagram.com/alphatauri","yus***esf***","https://www.instagram.com/yusuftesfom8","2025-03-01T04:18:25.000Z","For real",1,0,,,,"https://www.instagram.com/maxverstappen1/p/DF49dHoNiBE/","alp***aur***","18293075290168660","3564869386956578884"
"https://www.instagram.com/travisscott","fou***ott***","https://www.instagram.com/fourshott","2025-01-19T13:45:40.000Z","DAYS BFORE RODEO VIBAAAAAA",0,0,,,,"https://www.instagram.com/travisscott/reel/DATrC07P3BI/","tra***sco***","18084332863577550","3464301848645562440"
"https://www.instagram.com/suraksha_gadal","ii_***hit***adv***","https://www.instagram.com/ii__mohit__padvi","2022-07-27T15:50:46.000Z","🤩🥀❤️🌎",2,0,,,,"https://www.instagram.com/suraksha_gadal/p/CghAk5NJ6NF/","sur***ha_***al","17962129585840931","2891594971073717061"
"https://www.instagram.com/deependra_yaduvanshi.92","jsi***88","https://www.instagram.com/jsidar88","2025-02-03T14:43:03.000Z","सही बात है 💯",0,0,,,,"https://www.instagram.com/deependra_yaduvanshi.92/reel/DFSeeuPodOg/","dee***dra***duv*********","18327765076088120","3554037108582765472"
"https://www.instagram.com/mebarshamaity","tub***ht6***","https://www.instagram.com/tublight613","2024-12-12T04:59:24.000Z","❤️😍😍❤️❤️😍😍❤️",0,0,,,,"https://www.instagram.com/mebarshamaity/reel/C_aFH4FSr5b/","meb***ham***y","18052401868834453","3448090996192755291"
"https://www.instagram.com/x_.soul_.1302","dov***dia***nne***","https://www.instagram.com/doveindiachannel","2025-03-01T05:54:05.000Z","@x_.soul_.1302 Absolutely! It's one of the best skin nourishment secret! 💓",2,0,,,"[""******""]","https://www.instagram.com/x_.soul_.1302/reel/DGnBsqSRbr1/","x_.***l_.***2","18058331909020157","3577835896076352245"
"https://www.instagram.com/itsmuskaannn","mkr***.01***","https://www.instagram.com/mkraja.01","2024-12-20T09:45:13.000Z","So, Sweet Bhabijee Too Good",1,1,"[{""likes_number"":1,""reply"":""@mantoshsah985 thanks dewar ji"",""reply_date"":""2024-12-20T09:54:54.000Z"",""reply_user"":""its***kaa***""}]",,,"https://www.instagram.com/itsmuskaannn/p/DDm9lWTzcB3/","its***kaa***","18023411465627871","3523774605876379767"
"https://www.instagram.com/shireen_parveen12","md_***suf***","https://www.instagram.com/md_yousufgm","2024-04-12T06:25:49.000Z","Lovely nose ❤️❤️",0,0,,,,"https://www.instagram.com/shireen_parveen12/p/CQ5QC_lrLtC/","shi***n_p***een***","17984791256503694","2610188033498856258"
"https://www.instagram.com/nisha.ghosh_44_","suv***muk***jee*********l","https://www.instagram.com/suvo__mukharjee__official","2024-09-19T11:51:05.000Z","🥰🤍",1,1,"[{""likes_number"":1,""reply"":""@i_am_suvo_2004 😌"",""reply_date"":""2024-09-19T11:54:47.000Z"",""reply_user"":""nis***gho***44_***""}]",,,"https://www.instagram.com/nisha.ghosh_44_/reel/DAF672dy2e4/","nis***gho***44_***","17940405473888764","3460431088332793784"
"https://www.instagram.com/pretty_potato099","__p***jal***1","https://www.instagram.com/__pranjal__21","2025-02-18T09:56:02.000Z","❤️",1,1,"[{""likes_number"":0,""reply"":""@__pranjal__21 🫶"",""reply_date"":""2025-02-18T14:07:03.000Z"",""reply_user"":""pre***_po***o09***""}]",,,"https://www.instagram.com/pretty_potato099/reel/DGM-sv2SQHk/","pre***_po***o09***","18271766758250623","3570504358515245540"
"https://www.instagram.com/_dobara","kin***xhu***","https://www.instagram.com/kind.rxhull","2025-03-19T19:37:30.000Z","❤️❤️",1,1,"[{""likes_number"":1,""reply"":""@kind.rxhull 💟😌"",""reply_date"":""2025-03-19T19:41:22.000Z"",""reply_user"":""_do***a""}]",,,"https://www.instagram.com/_dobara/reel/DHYk5hTy3y_/","_do***a","18217378864289351","3591782985278127295"
"https://www.instagram.com/n4vcam","moh***har***9","https://www.instagram.com/mohdazhar4139","2025-01-13T14:43:36.000Z","❤️ wow beautiful ❤️ cute 🥰😘",1,0,,,,"https://www.instagram.com/n4vcam/p/DEpNsQQP0po/","******","18368677009138212","3542422797617678952"
"https://www.instagram.com/sagnikachandra","s_h***n_s***","https://www.instagram.com/s_h_a_n_safi","2024-09-08T10:53:11.000Z","Voice 😍😍😍",0,0,,,,"https://www.instagram.com/sagnikachandra/reel/C_oA1Qqyaxm/","sag***ach***ra","17918670470972205","3452012774409481318"
"https://www.instagram.com/reviewbyjuhi","sin***par***","https://www.instagram.com/sindhipari1","2025-03-20T12:37:01.000Z","Link",0,0,,,,"https://www.instagram.com/reviewbyjuhi/reel/DHQli-vvNLG/","rev***byj***","18270419737251893","3589534034570302150"
"https://www.instagram.com/belnadz_","pra***nra***han*********","https://www.instagram.com/praveenramachandran19","Mon Oct 13 2025 13:03:43 GMT+0000 (Coordinated Universal Time)","❤️",,0,,,,"https://www.instagram.com/p/DPwA1kEgWYp","bel***z_","18035900771504983","3742494971207444009_1419314992"
"https://www.instagram.com/qesusie","whi***rin***ins***","https://www.instagram.com/whisperingxsins","Tue Jul 08 2025 04:03:18 GMT+0000 (Coordinated Universal Time)","AUUUUUG I LOVE HER SMMMMMM",,0,,,,"https://www.instagram.com/p/DL1KK20RrvH","qes***e","17913884874140853","3671885797709495239_71721032465"
"https://www.instagram.com/ifbbpro_jo_palacios","the***ass***lqu******","https://www.instagram.com/the_classicalqueen","2024-12-14T12:04:40.000Z","Congrats Joe!!!",1,1,"[{""likes_number"":1,""reply"":""@the_classicalqueen thank you very much Alyssa!!🙏🏼 we are so excited 🥹💪🏼"",""reply_date"":""2024-12-14T15:24:40.000Z"",""reply_user"":""ifb***o_j***ala******""}]",,,"https://www.instagram.com/ifbbpro_jo_palacios/p/DDdRD6gSm21/","ifb***o_j***ala******","17984759408786742","3521045519441489333"
"https://www.instagram.com/mxchaelg","swe***ina***","https://www.instagram.com/sweetlina79","2025-02-19T12:44:56.000Z","Yeah for sure need a MG tatt. Ayden would probably want one too. DM me please",1,0,,,,"https://www.instagram.com/mxchaelg/reel/DGOda7LyQZ2/","mxc***lg","18050487152227088","3570920948155090550"
"https://www.instagram.com/glambyjayblooms","jaa***lin***","https://www.instagram.com/jaayceline","2024-05-20T16:17:44.000Z","Dude you look so good😍🫶🏻",1,0,,,,"https://www.instagram.com/glambyjayblooms/reel/C7LSYWGLbuo/","gla***jay***oms***","17917900556916307","3371869583847570344"
"https://www.instagram.com/mancity","_vo***k.0***","https://www.instagram.com/_voiujk.0","2025-02-04T04:27:14.000Z","🩵🩵🩵",0,0,,,,"https://www.instagram.com/p/DFcoNEcuacj","man***y","18029466425554908","3556894625706387235"
"https://www.instagram.com/penerimaanpoldajatim","wil***tu","https://www.instagram.com/willmztu","2023-05-01T23:07:29.000Z","izin bertanya untuk kaos lengan panjangnya berkerah gapapa min?",0,0,,,,"https://www.instagram.com/p/CrnSQwWro5c","pen***maa***lda******","17918568161719032","3091519985482108508"
"https://www.instagram.com/kumrealpesh","i.g***een***__","https://www.instagram.com/i.g_queen_____","2025-03-06T04:34:35.000Z","🔥🔥🔥🔥🔥🔥🔥🔥🔥🔥🔥🙌🙌👏👏",3,1,"[{""likes_number"":2,""reply"":""@i.g_queen_____ ❤️🙌"",""reply_date"":""2025-03-06T04:43:50.000Z"",""reply_user"":""kum***lpe***""}]",,,"https://www.instagram.com/asshrirame/reel/DG2BcQuJEmZd_EhBnt-61dCVxF8z5L8wwk5C8U0/","kum***lpe***","17896318608170800","3582056893765667225"
"https://www.instagram.com/makeupbysalonigupta","ria***175***","https://www.instagram.com/riali1175","2025-01-28T13:56:34.000Z","Mam please es ki full video bano pieles",0,0,,,,"https://www.instagram.com/makeupbysalonigupta/p/DFKqfxKhFYC/","mak***bys***nig******","18055914422491510","3551838157182096898"
"https://www.instagram.com/wemowofficial","ale***a14***","https://www.instagram.com/aleysha1435","2023-07-25T16:43:38.000Z","Send pic 📥 @teaxs_vibes__ ❤️",0,0,,,"[""@te***_vi***__""]","https://www.instagram.com/p/CvIJ_uqL0oq","wem***ffi***l","17986582832477275","3154815500818532906"
"https://www.instagram.com/miss._funny_.bones","_55***rna***5_","https://www.instagram.com/_55username55_","2025-01-24T13:26:45.000Z","Reeler",0,0,,,,"https://www.instagram.com/miss._funny_.bones/reel/DFK5_V2vINP/","mis***fun***.bo******","18372732331187939","3551906297580127055"
"https://www.instagram.com/ma.ni_11_","__.***hi_***","https://www.instagram.com/__.aishi_","2024-12-25T12:34:45.000Z","How cute bb😍",0,0,,,,"https://www.instagram.com/ma.ni_11_/p/DD7XKVQS-CQ/","ma.***11_***","18028844210260005","3529516598061424784"
"https://www.instagram.com/officialeshwar_","shr***i_s***a","https://www.instagram.com/shrarti_shiva","2022-06-23T17:29:13.000Z","🔥❤️",1,1,"[{""likes_number"":0,""reply"":""@shrarti_shiva ❤️❤️🙌"",""reply_date"":""2022-07-02T08:40:10.000Z"",""reply_user"":""off***ale***ar_***""}]",,,"https://www.instagram.com/officialeshwar_/p/CfIqYCXLsDO/","off***ale***ar_***","18305065558035271","2866727532578652366"
"https://www.instagram.com/its_aradhya0607","sur***_98***","https://www.instagram.com/suraj__9896","2025-01-31T16:21:46.000Z","🔥🔥",1,0,,,,"https://www.instagram.com/its_aradhya0607/reel/DFfcJ0pyQGP/","its***adh***607***","18045840062217522","3557686050959196559"
"https://www.instagram.com/nainasisodiya1","pra***hka***ap7***","https://www.instagram.com/prakashkashyap778","2024-12-04T15:58:35.000Z","Nice video 🔥🔥🔥🔥🔥🔥❤️❤️😍",0,0,,,,"https://www.instagram.com/nainasisodiya1/reel/DCotGx_Snc9/","nai***iso***a1","17886640437119995","3506250687992985405"
"https://www.instagram.com/fallin.love.barbie","sha***qia***i","https://www.instagram.com/shanyeqiansui","2025-03-04T10:15:49.000Z","バービー、お帰りなさい",0,0,,,,"https://www.instagram.com/fallin.love.barbie/p/DGZnziFTePE/","fal***.lo***bar******","18017769764680681","3574062844398658500"
"https://www.instagram.com/katena_vl_","oks***a_f***e","https://www.instagram.com/oksa_na_fokse","2024-07-30T19:25:41.000Z","Вау что за богиня на море 😍🔥",1,2,"[{""likes_number"":1,""reply"":""@oksa_na_fokse ой, спасибо дорогая 🙈🫶🏼💋"",""reply_date"":""2024-07-30T20:02:52.000Z"",""reply_user"":""kat***_vl***""},{""likes_number"":1,""reply"":""@katena_vl_ 😃🥰"",""reply_date"":""2024-07-30T20:06:20.000Z"",""reply_user"":""oks***a_f***e""}]",,,"https://www.instagram.com/p/C-DvCILoG7C","kat***_vl***","18009529814551794","3423786996141682370"
"https://www.instagram.com/detikcom","fid***ana***","https://www.instagram.com/fidtriana","2024-08-01T14:46:45.000Z","👏👏👏👏👏",1,0,[],,,"https://www.instagram.com/p/C-EttRAPQHS","det***om","18039967576969849","3424062639435481554"
"https://www.instagram.com/julesyparker","bei***ts","https://www.instagram.com/beingmts","2024-07-31T13:55:09.000Z","Happy Birthday! You look beautiful!",1,0,[],,,"https://www.instagram.com/p/C-D1YEVT-sF","jul***par***","17879715336098776","3423814892116765445"
"https://www.instagram.com/gal.acticaa","bru***car***i","https://www.instagram.com/brunoscarponi","2024-07-31T10:46:38.000Z","Que duro los 12 niños niños asesinados  y los Miles de niños asesinados y torturados en palestina 😢",0,0,[],,,"https://www.instagram.com/p/C-DrlSBImby","gal***tic***","18116569093378455","3423771819698710258"
"https://www.instagram.com/balochok_f2024","moh***833***","https://www.instagram.com/moha.58339","2024-07-31T19:12:05.000Z","❤️❤️❤️",0,0,[],,,"https://www.instagram.com/p/C-EhHDjOpLq","bal***ok_***24","18010665872574831","3424007237091889898"
"https://www.instagram.com/islamic.world_13","sav***les***eya******","https://www.instagram.com/savepalestineyarabb","2024-08-01T11:55:16.000Z","Great News and Keep BOYCOTT israhell!!!",2,0,[],,,"https://www.instagram.com/p/C-FOU22vY8e","isl***c.w***d_1***","18031102297973585","3424206097626271518"
"https://www.instagram.com/farman_raza_qadri_1","sam***_ra***786***","https://www.instagram.com/sameer_raza.786","2024-07-31T04:14:21.000Z","❤️❤️❤️❤️❤️",1,0,[],,,"https://www.instagram.com/p/C-ErlgdppAU","far***_ra***qad******","18321972298196409","3424053310186229780"
"https://www.instagram.com/cold_editss_","gal***y__***_","https://www.instagram.com/gal.axy______","2025-03-25T17:36:50.000Z","@iis.hu_ 🙂👏",0,0,,,"[""******""]","https://www.instagram.com/cold_editss_/reel/DGIiHQOAsHH/","col***dit***","17919126252064878","3569252736723763655"
"https://www.instagram.com/maulipatell_","tra***.wi***ani******","https://www.instagram.com/travel.with.anismita","2025-03-24T04:53:31.000Z","😍😍😍",0,0,,,,"https://www.instagram.com/maulipatell_/p/DHNad3ZPfLn/","mau***ate***","17980125371818375","3588640879637557991"
"https://www.instagram.com/themirandagirl","alo***mar***ey9***","https://www.instagram.com/alokkumardubey93","2025-03-03T04:02:02.000Z","Nice👍👍👍👍",0,0,,,,"https://www.instagram.com/themirandagirl/p/C7T71qhJmOi/","the***and***rl","18044098580098218","3374303718360376226"
"https://www.instagram.com/potato_box07","ayu***ing***off******","https://www.instagram.com/ayushsingh__official","2022-12-13T04:24:57.000Z","🙌🔥👏❤️",1,0,,,,"https://www.instagram.com/potato_box07/reel/Cl6clbXgqDJ/","pot***_bo***","17952450767363416","2988827020022161609"
"https://www.instagram.com/kimaya.jane","isl***550***","https://www.instagram.com/islam_5500","2025-02-21T00:23:19.000Z","🔥🔥🔥",0,0,,,,"https://www.instagram.com/kimaya.jane/reel/DF0tGAxSOJ6/","kim***.ja***","17920324413045691","3563671530393625210"
"https://www.instagram.com/preet.lakhanii","juj***u","https://www.instagram.com/juj.huu","2025-03-15T06:09:11.000Z","❤️❤️🙌🔥🔥",0,0,,,,"https://www.instagram.com/preet.lakhanii/reel/DHBpVpKzHBz/","pre***lak***ii","18163699558338769","3585328585584177267"
"https://www.instagram.com/itzme_anjunagar","aaf***sah***dul***","https://www.instagram.com/aaftabsahaabdul","2023-11-12T15:20:11.000Z","Happy dipawali day",0,0,,,,"https://www.instagram.com/itzme_anjunagar/reel/CzjEihpJGmO/","itz***anj***gar***","18007530514923656","3234448922154133902"
"https://www.instagram.com/thisismansiiii","dir***or_***ard*********","https://www.instagram.com/director_bedardi_arun_1","2025-01-23T15:10:21.000Z","Film me kam karogi",0,0,,,,"https://www.instagram.com/thisismansiiii/p/DFGJK6gSI7R/","thi***man***ii","18036424607592313","3550565688660233937"
"https://www.instagram.com/your.s._anshu","aan***_ya***v","https://www.instagram.com/aankit_yadavv","2022-12-10T02:25:26.000Z","🔥🔥",2,0,,,,"https://www.instagram.com/your.s._anshu/p/Cl6YmKGJyWr/","you***._a***u","17981643385684821","2988809478010774955"
"https://www.instagram.com/anjalibasera","__a***ha_***ta_***","https://www.instagram.com/__aastha_mehta__","2022-12-12T13:03:49.000Z","❤️❤️",0,0,,,,"https://www.instagram.com/anjalibasera/p/CmD4M3cvHfv/","anj***bas***","17933993000541161","2991481752280397807"
"https://www.instagram.com/ayushiiyyy","mor***uen***s","https://www.instagram.com/more.fuenttes","2024-07-14T02:51:49.000Z","Quiero el patrón 😍",0,0,,,,"https://www.instagram.com/ayushiiyyy/reel/C6bcjirNo-i/","ayu***iyy***","17893900494028004","3358403534851051426"
"https://www.instagram.com/dataurgente","sil***.la***que***","https://www.instagram.com/silvia.lamarque","2024-08-06T00:16:38.000Z","La barbarie del siglo 21, el ser humano no tiene ética ni moral, los valores se han perdido totalmente.",0,0,[],,,"https://www.instagram.com/p/C-SjZd-sH2A","dat***gen***","18064110040607191","3427957948187442560"
"https://www.instagram.com/biblia_sagradaofc","nin***ome***50","https://www.instagram.com/nina.gomes.750","2024-08-06T18:46:45.000Z","A porta não é larga ela é estreita ou seja ele não aceita tudo. Você precisa se transformar de dentro para fora para então passar pela porta. Só lendo a Bíblia e entrando em oração com Deus podemos  ter essa mudança. 🙌 a paz de Cristo para todos.",1,0,[],,,"https://www.instagram.com/p/C-TzoFLNjtB","bib***_sa***dao***","17899147701023485","3428310796067027777"
"https://www.instagram.com/drinksitos","sof***och***","https://www.instagram.com/sofia_ochoar","2024-08-05T19:18:53.000Z","Deliiii🤍✨",0,0,[],,,"https://www.instagram.com/p/C-TASwjxNJZ","dri***ito***","18291221395200109","3428085030449369689"
"https://www.instagram.com/safaa.art","ros***a__***","https://www.instagram.com/rosetta__st","2024-08-05T15:22:52.000Z","حسبنا الله ونعم الوكيل",0,0,[],,,"https://www.instagram.com/p/C-SeUozI98i","saf***art***","18015502889596333","3427935625974898466"
"https://www.instagram.com/yuliarydler","lol***op1***p_","https://www.instagram.com/lollipop1shop_","2024-08-05T23:24:24.000Z","🔥🔥🔥",0,0,[],,,"https://www.instagram.com/p/C-TFxYuuFua","yul***ydl***","17854395405238581","3428109125399632794"
"https://www.instagram.com/ayuaida_pengusahakaya","sar***795***","https://www.instagram.com/sarini795","2024-08-05T15:06:04.000Z","Semoga di ijabah Allah Swt untuk semua hajat Bu Ayu senantiasa diberikan kemudahan setiap urusan , Allah memberikan keturunan yang shaleh/shalekhah... aamiin",0,0,[],,,"https://www.instagram.com/p/C-Phx3CpA6h","ayu***a_p***usa*********","18275436361236392","3427106403341569697"
"https://www.instagram.com/lutheran.monarchist.v2","1mb***y","https://www.instagram.com/1mbeany","2024-08-03T20:58:51.000Z","Luther was right hadrian was too lenient",3,0,[],,,"https://www.instagram.com/p/C-MiA3IStVo","lut***an.***arc*********","17988137054651274","3426263009298404712"
"https://www.instagram.com/uniform.id_","tin***erk***390***","https://www.instagram.com/tini.berkoh2390","2024-08-04T05:06:54.000Z","WA Alaikum sallam wr wb Alhmdulillah kabar baik mas 🙏",0,0,[],,,"https://www.instagram.com/p/C-MM8OYyOd_","uni***m.i***","18133703701352542","3426170331697047423"
"https://www.instagram.com/genccataturkcu","erc***___***__","https://www.instagram.com/ercin_________","2024-08-04T21:10:30.000Z","Türkiye hariç hiçbir şey bizleri ilgilendirmiyor!",0,0,[],,,"https://www.instagram.com/p/C-I4IzFNiOo","gen***tat***cu","18034904141029731","3425234411823965096"
"https://www.instagram.com/operamundi","lin***ari***1","https://www.instagram.com/lindamaria.11","2024-08-02T03:24:44.000Z","Alguém tem que parar israel.",2,1,"[{""likes_number"":3,""reply"":""Alguém tem que mandar um míssil para acabar com Israel."",""reply_date"":""2024-08-02T11:56:45.000Z"",""reply_user"":""ml_***imo***""}]",,,"https://www.instagram.com/p/C-JD4Icv2cE","ope***und***","17870584401150956","3425286043094443780"
"https://www.instagram.com/ayat.alzouby","sah***ary***148***","https://www.instagram.com/sahar.aryan.148","2024-08-05T15:21:24.000Z","ما في دقة بالمواعيد نستلم الفستان متأخر جدا وبنقضيها رايحين جايين",0,0,[],,,"https://www.instagram.com/p/C-OAXXJs3tJ","aya***lzo***","18055055734707978","3426677971882310473"
"https://www.instagram.com/supercarsgdl","que***adr***_sp******","https://www.instagram.com/queretadrift_spott","2024-08-04T21:04:48.000Z","Los responsables @racew_imports",1,0,[],,"[""@ra***_im***ts""]","https://www.instagram.com/p/C-Oczmsyxuw","sup***ars***","17900876382012506","3426803058024848304"
"https://www.instagram.com/dailymirror","gor***hor***","https://www.instagram.com/goriaghore","2024-08-04T04:49:43.000Z","Hell",0,0,[],,,"https://www.instagram.com/p/C-M9gGyOpOB","dai***irr***","18019854122152174","3426383903667688321"
"https://www.instagram.com/aariefiqbal","mal***zun***ah8***","https://www.instagram.com/malik_zunairah8","2024-08-04T12:18:20.000Z","🔥🔥🔥🔥",0,0,[],,,"https://www.instagram.com/p/C-NpzD_zvT5","aar***iqb***","17855369553233467","3426578720390837497"
"https://www.instagram.com/listenbyinside","avi***h.y***v_0***","https://www.instagram.com/avinash.yadav_008","2025-03-04T16:21:28.000Z","😢😢😢",0,0,,,,"https://www.instagram.com/listenbyinside/reel/DGBFLwgS7Jn/","lis***byi***de","17965629800850017","3567155178082382439"
"https://www.instagram.com/immigrationtimesgujarati","sel***hai***h_d*********","https://www.instagram.com/sely_shailesh_dhimmar","2025-02-18T07:30:00.000Z","નામ જાહેર થાય એમાં શું ખોટું છે, અને પાછા આવ્યા એમાં કઈ આબરૂ  નથી જવાની, હા હથકડી  પહેરાવી એ ખોટું છે",2,0,,,,"https://www.instagram.com/immigrationtimesgujarati/reel/DGK-HUZuVGu/","imm***ati***ime*********","17993371541788112","3569938836470976942"
"https://www.instagram.com/nauman_mirza","aza***i48***","https://www.instagram.com/azamali486","2024-05-13T11:15:53.000Z","Mash Allah very beautiful",0,0,,,,"https://www.instagram.com/nauman_mirza/p/C63maofKPzT/","nau***_mi***","18031460845972200","3366328202429005011"
"https://www.instagram.com/spr_mhendra_lover_44","its***aty***000***","https://www.instagram.com/its_pratyot_000","2025-03-02T05:22:59.000Z","👿👿👿👿👿👿👿😈😈😈👿👿😈👿👿😈👿😈",0,0,,,,"https://www.instagram.com/spr_mhendra_lover_44/reel/DDpIq-myVAU/","spr***end***lov******","18085441669606640","3524386321206956052"
"https://www.instagram.com/____aaru_shi___","meg***ark***888***","https://www.instagram.com/meghasarkar8888","2024-05-26T18:09:22.000Z","Happy Birthday ❤️",1,1,"[{""likes_number"":0,""reply"":""@meghasarkar___ Thank you didibhai💕"",""reply_date"":""2024-05-26T19:52:05.000Z"",""reply_user"":""___***ru_***___***""}]",,,"https://www.instagram.com/____aaru_shi___/p/C7cCYMGyeVG/","___***ru_***___***","17940124040730053","3376584278980289862"
"https://www.instagram.com/snehhhhhhhhhh","ish***rav***349***","https://www.instagram.com/ishvarravat3349","2024-09-22T22:04:00.000Z","❤️❤️❤️❤️❤️",1,0,,,,"https://www.instagram.com/snehhhhhhhhhh/p/DAOwc8wKRG4/","sne***hhh***h","18131654578365356","3462918259104879032"
"https://www.instagram.com/_anjana_.j._","adv***min***rri***","https://www.instagram.com/advbisminabarri","2025-06-24T15:13:29.000Z","🔥❤️",0,0,,,,"https://www.instagram.com/_anjana_.j._/reel/DLSazSdtUY_","_an***a_.***","18034833413393123","3662107320734008895_21676608498"
"https://www.instagram.com/_astha_joshi_","dev***i_3***","https://www.instagram.com/devyani_329","2025-04-12T11:53:54.000Z","❤️",0,1,,,,"https://www.instagram.com/_astha_joshi_/reel/DIVkkimyPe9","_as***_jo***_","18496696774049273","3608951517140809661_3488075884"
"https://www.instagram.com/keerthana_g0wda","shi***e_m***","https://www.instagram.com/shindhe_m","2025-11-19T11:56:53.000Z","❤️❤️",0,0,,,,"https://www.instagram.com/keerthana_g0wda/p/DROf7RpERQD/","kee***ana***wda***","18068721971581208","3769090350989251587_5368796202"
"https://www.instagram.com/_fashionista.aditi_","ars***111***","https://www.instagram.com/arshi7111","2025-07-21T14:32:38.000Z","So beautiful",0,1,,,,"https://www.instagram.com/_fashionista.aditi_/reel/DMXBriXpM4_","_fa***oni***.ad******","17853036042495301","3681418610286579263_10164534329"
"https://www.instagram.com/_daijeetalukdar__","mrn***7","https://www.instagram.com/mrnmy07","2024-08-18T07:25:26.000Z","Beautiful view 😍",0,1,,,,"https://www.instagram.com/_daijeetalukdar__/p/C-y9lbsSfaZ","_da***eta***dar***","17995703267659096","3437080318829000345_5501566656"
"https://www.instagram.com/__dr.vinywils__","par***sha***620***","https://www.instagram.com/parmodsharma620","2023-06-12T09:10:07.000Z","Very nice 👌",0,0,,,,"https://www.instagram.com/__dr.vinywils__/p/CozT8Tjp1qv","__d***iny***s__***","18022983160510417","3040861880456796847_1633397883"
"https://www.instagram.com/drjubairsfinance","hen***ett***erh******","https://www.instagram.com/henrypettingerharte","Tue May 20 2025 14:38:41 GMT+0000 (Coordinated Universal Time)","As this is a stocks ISA, that means that over a minimum of 5 years you have made 11k?",0,1,,,,"https://www.instagram.com/reel/DJ1s8IRvATb","drj***irs***anc***","17905639395159191","3636009920274105563_59474257251"
"https://www.instagram.com/gabrielinussbaum","mrm***yja***","https://www.instagram.com/mrmoneyjar","Thu Sep 18 2025 15:57:32 GMT+0000 (Coordinated Universal Time)","Big congrats my guy 👊🏾",0,1,,,,"https://www.instagram.com/p/DOv9hFMDbWy","gab***lin***bau***","17987130194714703","3724465971009533362_48735477442"
"https://www.instagram.com/neilinvests","mos***ff","https://www.instagram.com/mosstoff","Tue Jul 08 2025 18:29:27 GMT+0000 (Coordinated Universal Time)","The average mortgage is too much, Andrew Craig details this brilliant in How to Own The World. More than a 30% - sell and downsize. That book has some very interesting views on the real value of homeowning and property as investments vehicle too. His two books are really all one needs to win at life.",0,0,,,,"https://www.instagram.com/reel/DL2hw91i-Sb","nei***ves***","18008468945786543","3672271046633579675_34394422893"
"https://www.instagram.com/lumadonatti","dan***ave***eze******","https://www.instagram.com/danielaveroneze2123a","Thu Aug 14 2025 15:54:28 GMT+0000 (Coordinated Universal Time)","Que linda minha norinha !!!❤️",,0,,,,"https://www.instagram.com/p/DNVvcZbgnXn/","lum***nat***","18162960211368081","3699071328591181287_274914256"
"https://www.instagram.com/tomangahai","ste***_he***_fu***","https://www.instagram.com/steffi_heavy_fun","Mon Oct 13 2025 14:31:23 GMT+0000 (Coordinated Universal Time)","Die Reihe hatte ich mal als Anime am Schirm, aber mich konnte der Zeichenstil nicht abholen 🤔 sehr cooles Review 👏❤️",,1,,,,"https://www.instagram.com/p/DPwKaUDDJQu","tom***aha***","18082428494311355","3742537079042380846_12779578840"
"https://www.instagram.com/maleniamars","vnd***806***","https://www.instagram.com/vndkmr806","Mon Oct 13 2025 17:02:44 GMT+0000 (Coordinated Universal Time)","Looking so beautiful in all dresses my angel.😍😍❤️❤️❤️",,2,,,,"https://www.instagram.com/p/DPwGec9iHUa","mal***ama***","18083697385987446","3742519771305375002_74767509099"
"https://www.instagram.com/mayanguyen_fitness","gte***_if***ro_*********lha***","https://www.instagram.com/gteam__ifbbpro_ginettedelhaes","Sun Jun 08 2025 20:38:52 GMT+0000 (Coordinated Universal Time)","You look stunning. What a physique you brought to the stage. So incredibly proud of you. ❤️",,1,,,,"https://www.instagram.com/p/DKptTvGy10g/","may***uye***itn******","18097160386603963","3650648241303412000_1499977474"
"https://www.instagram.com/sindiroocosplays","lex***os","https://www.instagram.com/lexa.cos","Mon Oct 13 2025 14:21:02 GMT+0000 (Coordinated Universal Time)","❤️❤️",,0,,,,"https://www.instagram.com/p/DPt2kbRj4oE","sin***ooc***lay***","17983974839745543","3741886863113161220_15190351355"
"https://www.instagram.com/v_does_cosplays","ali***nto***lan***","https://www.instagram.com/aliceintokkiland","Mon Dec 30 2024 12:34:03 GMT+0000 (Coordinated Universal Time)","super cute",,0,,,,"https://www.instagram.com/p/DD8V2fbsFjG","v_d***_co***ays***","18040249091351135","3529792311530641606_5474495411"
"https://www.instagram.com/klfire","luc***ane***","https://www.instagram.com/luciaianello","Thu Jul 03 2025 10:57:47 GMT+0000 (Coordinated Universal Time)","You’ve gotta start modeling! Gorgeous!!! 😍🔥🔥🔥",,1,,,,"https://www.instagram.com/p/DLonmaTO1Nq/","******","17900890698215268","3668356059887260522_2210476276"
"https://www.instagram.com/moba.garena.tw","emo***nal***ay_*********","https://www.instagram.com/emotional_stay_and_dive","Tue Oct 21 2025 10:58:28 GMT+0000 (Coordinated Universal Time)","真的假的啦 太冰涼了吧～😭💗",,1,,,,"https://www.instagram.com/p/DQETAvijwnm","mob***are***tw","18308052265217762","3748204403808471526_3561048618"
"https://www.instagram.com/silviasanchezofc","sil***tas***nar******","https://www.instagram.com/silvistas_canarias","Tue Sep 23 2025 14:50:35 GMT+0000 (Coordinated Universal Time)","Las mejores amigas 😍😍",,0,,,,"https://www.instagram.com/p/DO3sZgFDMWi/","sil***san***zof***","18051543251556996","3726642483150243234_990712063"
"https://www.instagram.com/jewelystephens","kel***_an***2","https://www.instagram.com/kelsey_anne_2","Sat Oct 18 2025 20:39:34 GMT+0000 (Coordinated Universal Time)","Still one of my favorite stories! ❤️",,1,,,,"https://www.instagram.com/p/DP8-Pp-Dgq5/","jew***ste***ns","18072522142969023","3746142744805771961_63074022103"
"https://www.instagram.com/kylphe","adr***nna***din***","https://www.instagram.com/adrieanna_gudino","Wed Feb 19 2025 03:13:03 GMT+0000 (Coordinated Universal Time)","😍😍😍",,0,,,,"https://www.instagram.com/p/DF_Bc1lyOif/","******","17959192295897890","3566575809634822303_29198657"
"https://www.instagram.com/tajarb_hamad","sul***_81***","https://www.instagram.com/sultan_81a","Wed Oct 08 2025 00:19:21 GMT+0000 (Coordinated Universal Time)","ماشاءالله عجيب المطعم واطباق مميزة هني وعافيه 😍😍👌👌",,0,,,,"https://www.instagram.com/p/DPgAeH5ilaN/","taj***_ha***","18239381248289383","3737989760783373965_24864625"
"https://www.instagram.com/svenplateofficial","ayu***ia","https://www.instagram.com/ayuresia","Mon Oct 06 2025 06:19:12 GMT+0000 (Coordinated Universal Time)","Richtig cool!🔥🥰 Winx Club gehörte zu meiner Kindheit.❤️",,0,,,,"https://www.instagram.com/p/DPdNtegCH3b/","sve***ate***ici***","17972428520947783","3737203565518159323_18595879735"
"https://www.instagram.com/rafael.fonteles","lan***ma9***","https://www.instagram.com/lanelima9595","2025-01-25T20:45:58.000Z","👏👏👏",2,0,,,,"https://www.instagram.com/p/DFOGASdPuOp/","raf***.fo***les***","18480560926013200","3552803564138980265"
"https://www.instagram.com/mancity","you***wki***0","https://www.instagram.com/youknowkif_30","2025-02-07T13:17:12.000Z","Man city selalu membahas masa lalu",0,0,,,,"https://www.instagram.com/p/DFiT-RzskhE","man***y","18056060114096885","3558494498188314692"
"https://www.instagram.com/theresuhani","_sa***n_y***6","https://www.instagram.com/_sachin_ydv_6","2024-07-17T07:55:42.000Z","Love you app mere ko bohot acchi lagti ho 💚🫵",0,0,,,,"https://www.instagram.com/theresuhani/reel/C9afT_tSGoh/","the***uha***","18130905907317782","3412177381203929633"
"https://www.instagram.com/prasenjitsamanta142","off***al_***ta_*********","https://www.instagram.com/official_mamta_rajak_93","2025-02-27T15:17:36.000Z","🔥🔥🔥🔥🔥",1,0,,,,"https://www.instagram.com/prasenjitsamanta142/reel/DGkisIgpgbC/","pra***jit***ant******","17974161980695102","3577136570415056578"
"https://www.instagram.com/mancity","******","https://www.instagram.com/crnesl","2025-03-04T13:21:37.000Z","🇺🇿🔥🔥 Uzbekistan",1,0,,,,"https://www.instagram.com/p/DF-2givOYkg","man***y","17875982781278106","3566527685758388512"
"https://www.instagram.com/mancity","jon***es","https://www.instagram.com/jonnejes","2025-03-04T03:03:39.000Z","🇺🇿🇺🇿🇺🇿💙💙🇺🇿🇺🇿",1,0,,,,"https://www.instagram.com/p/DGbGX5OO9My","man***y","18131413366397712","3574478759517737778"
"https://www.instagram.com/yasmiinealhasan","zei***ia","https://www.instagram.com/zeingaia","2024-10-10T16:05:17.000Z","🤍🤍🤍🤍",1,0,[],,,"https://www.instagram.com/p/DA8vaOot-ts","yas***nea***san***","18030085466098153","3475861523031124844"
"https://www.instagram.com/wolframateurmustard","ghe***_.f***ly","https://www.instagram.com/ghena._.family","2024-09-23T21:46:22.000Z","U are only hope please help me and my family 😭",1,1,"[{""likes_number"":0,""reply"":""@ghena._.family sending funds ASAP 🙏🏻"",""reply_date"":""2024-09-23T21:48:06.000Z"",""reply_user"":""wol***mat***mus******""}]",,,"https://www.instagram.com/p/C-LXEn0PCU9","wol***mat***mus******","18020846084222903","3425933414245344573"
"https://www.instagram.com/thesimpsons","pic***pun***ock*********","https://www.instagram.com/pichi_punk_rock_reggae","2024-11-06T17:05:15.000Z","@thesimpsons make a chapter that is Bob Marle",0,0,,,"[""@th***mps***""]","https://www.instagram.com/p/DBHPwQ1Jh9v","the***pso***","18116903233407392","3478818524471107439"
"https://www.instagram.com/sadapiaui","alm***_ed***","https://www.instagram.com/almeid_edite","2024-11-05T00:17:14.000Z","Turma de instrutoras TOP ❤️😍😍",0,0,,,,"https://www.instagram.com/p/DB9DwXHPaqW","sad***aui***","18035521694216991","3493965403401333398"
"https://www.instagram.com/archdigestpro","stu***sha***iri***","https://www.instagram.com/studioshamshiri","2024-11-21T00:53:44.000Z","❤❤❤",1,0,,,,"https://www.instagram.com/p/DCjt0gHuyvN","arc***ges***o","18119517766405068","3504846455019613133"
"https://www.instagram.com/sparkly_champagne01","whi***irl***ce","https://www.instagram.com/whitegirlspice","2024-08-25T12:10:12.000Z","Need to rewatch this one soooooooo bad",9,0,,,,"https://www.instagram.com/sparkly_champagne01/reel/C9fIRnEPWWU/","spa***y_c***pag******","17938227899775669","3413483437120382356"
"https://www.instagram.com/its_ritu766","mha***_ki***do_*********","https://www.instagram.com/mhakal_ki_lado________","2024-09-15T16:58:04.000Z","😍😍",1,0,,,,"https://www.instagram.com/its_ritu766/p/C_8f03ABv7a/","its***tu7***","18041609276303136","3457778585824591578"
"https://www.instagram.com/trioo_editz","vas***ate***77","https://www.instagram.com/vasu_patel__77","2025-03-26T07:27:37.000Z","👏👏",0,0,,,,"https://www.instagram.com/trioo_editz/reel/DHpHotzPz5D/","tri***edi***","18121495030432274","3596439361714863683"
"https://www.instagram.com/phoenixbae_","sai***tik***","https://www.instagram.com/saivartika","2025-01-31T17:01:50.000Z","ufff hottiee",1,1,"[{""likes_number"":0,""reply"":""@saivartika aww😘❣️🌹"",""reply_date"":""2025-01-31T17:13:03.000Z"",""reply_user"":""pho***xba***""}]",,,"https://www.instagram.com/phoenixbae_/reel/DFdP8IDztyq/","pho***xba***","17998035509747349","3557069383212653738"
"https://www.instagram.com/miss_ruby_010","sha***_ah***__0******","https://www.instagram.com/shaban_ahmad__0786","2025-04-06T16:30:18.000Z","बेजुबाँ जानवर भी हक़ अदा कर देते हैं नमक का, 
एक न जाने इंसान ही क्यों इतना खुदगर्ज़ निकला।",1,0,,,,"https://www.instagram.com/miss_ruby_010/reel/DIGk3ZUATL2/","mis***uby***0","18085150741625759","3604730688181449462"
"https://www.instagram.com/paali.india","sk.***id_***","https://www.instagram.com/sk.sahid_.61","2025-04-08T13:58:32.000Z","Ek number bhai ❤️‍🔥",1,0,,,,"https://www.instagram.com/paali.india/reel/DIL7CaOypgN/","paa***ind***","18353440588196580","3606235576988768269"
"https://www.instagram.com/sonal_t__","shr***irt***oni***","https://www.instagram.com/shrutkirti_soni","2021-07-17T05:26:05.000Z","😍",1,1,"[{""likes_number"":1,""reply"":""@shrutkirti_soni 😘"",""reply_date"":""2021-07-17T05:35:15.000Z"",""reply_user"":""son***t__***""}]",,,"https://www.instagram.com/sonal_t__/p/CRZS7TtDtUS/","son***t__***","17912892094822457","2619207898736022802"
"https://www.instagram.com/coachmikechadwick","red***c","https://www.instagram.com/redonpc","Fri Oct 10 2025 08:33:25 GMT+0000 (Coordinated Universal Time)","🔴🔴",,0,,,,"https://www.instagram.com/p/DPmXUdIjFRi/","coa***ike***dwi***","18044455400689994","3739779101318992994_2177702537"
"https://www.instagram.com/silver_curl_suzie_","sil***cur***","https://www.instagram.com/silvercurls_","Wed Jun 18 2025 03:49:43 GMT+0000 (Coordinated Universal Time)","Beautiful 🤍",,0,,,,"https://www.instagram.com/p/DLBovToM0NM/","sil***_cu***suz******","18065360498319600","3657383545152947020_59850252532"
"https://www.instagram.com/meshtimes","cha***g_","https://www.instagram.com/chau.ng_","Thu Oct 09 2025 06:56:52 GMT+0000 (Coordinated Universal Time)","😍😍👏",,1,,,,"https://www.instagram.com/p/DPjQpAijY9E","mes***mes***","18025666403754636","3738905302470070084_3132849570"
"https://www.instagram.com/madisonkay2","cas***lyn***","https://www.instagram.com/cass.ilyn","Wed Apr 28 2021 06:25:22 GMT+0000 (Coordinated Universal Time)","you are so amazing!!💚",,1,,,,"https://www.instagram.com/p/COMBjABsxHg/","mad***nka***","17847152186579293","2561429091323679200_4890087"
"https://www.instagram.com/whatsimran","kat***oyo***","https://www.instagram.com/katiejoyous","Fri Jun 24 2022 04:57:02 GMT+0000 (Coordinated Universal Time)","Amazing content ❤️",,0,,,,"https://www.instagram.com/p/CeoCrK2JtYy/","wha***mra***","17945707015934979","2857545726243034674_50283127451"
"https://www.instagram.com/deardhamarys","dea***ama***","https://www.instagram.com/deardhamarys","Thu May 22 2025 14:13:38 GMT+0000 (Coordinated Universal Time)","How do you process your feelings?",,0,,,,"https://www.instagram.com/p/DJ9WT91upo5/","dea***ama***","17887169925293905","3638162203078203961_61472403507"
"https://www.instagram.com/realdonaldtrump","lif***dti***ofa******","https://www.instagram.com/lifeandtimesofalek","Tue Oct 07 2025 17:08:52 GMT+0000 (Coordinated Universal Time)","Dawg you're literally Israel first tf",,57,,,,"https://www.instagram.com/p/DPhAl2cAEIt","rea***nal***ump***","18024253382743694","3738271766766699053_347696668"
"https://www.instagram.com/angels_iron_athletes","******","https://www.instagram.com/rawql","Thu Sep 25 2025 18:25:56 GMT+0000 (Coordinated Universal Time)","Thaaat’s right!",,1,,,,"https://www.instagram.com/p/DPCCpyPCY6V/","ang***_ir***ath******","18081489664777987","3729555108947136149_1215273297"
"https://www.instagram.com/mandy_in_the_making","fml***26","https://www.instagram.com/fmlm3126","Mon Sep 22 2025 02:40:10 GMT+0000 (Coordinated Universal Time)","I love to watch all your cooking and different recipes.  The bind you have with your family is awesome.  I look forward to your videos weekly",,0,,,,"https://www.instagram.com/p/DOw2P2AABMd/","man***in_***_ma******","17844184350565784","3724715475121214237_4320396040"
"https://www.instagram.com/fitveganviper","go.***s.2***","https://www.instagram.com/go.jess.24","Sat Aug 26 2023 03:54:02 GMT+0000 (Coordinated Universal Time)","DM us @goalsonlyapparel",,0,,,"[""@go***onl***par***""]","https://www.instagram.com/p/CwYDWVgrwca/","fit***anv***r","18010878817870880","3177304266174826266_4031474787"
"https://www.instagram.com/brooklynapearson","bri***yyy***","https://www.instagram.com/brileyyyy.__","Sun May 18 2025 23:21:11 GMT+0000 (Coordinated Universal Time)","i wanna be my big when i grow up🥹🥹🥹",,0,,,,"https://www.instagram.com/p/DJzI16dNJkI/","bro***yna***rso***","17842981734493946","3635288213489490184_399407045"
"https://www.instagram.com/patricia.mfelix","adr***a.m***_23***","https://www.instagram.com/adriana.melo_23","2024-03-12T22:45:01.000Z","Parabéns,  Patrícia. 👏",1,0,[],,,"https://www.instagram.com/p/C4aVNE0LEyP","pat***ia.***lix***","18281489023163064","3322060932639378575"
"https://www.instagram.com/edens_clay","rob***roj***_","https://www.instagram.com/robesproject_","2023-11-24T09:45:03.000Z","Make sure you wrap up warm!  Thank you for your support",0,1,"[{""likes_number"":0,""reply"":""@robesproject_ Thank you for the support. 👍🏽"",""reply_date"":""2023-11-24T12:13:14.000Z"",""reply_user"":""ede***cla***""}]",,,"https://www.instagram.com/p/C0AAWJsIzjx","ede***cla***","18018483211761851","3242593253939427569"
"https://www.instagram.com/lights_up_shortmovie","bea***zja***","https://www.instagram.com/beatrizjaen_","2024-05-17T04:16:10.000Z","🔥",1,0,[],,,"https://www.instagram.com/p/C7ClJWmvhAs","lig***_up***ort******","18023774492127818","3369418841695064108"
"https://www.instagram.com/hidayettin","diy***eki***","https://www.instagram.com/diyar_ekicc","2024-08-19T18:03:21.000Z","Ey ülke liderleri bu yanınıza kar kalmaz Allah'ın intikamı çok büyük olacak azabı Allah bizi affetsin inşallah",2,0,[],,,"https://www.instagram.com/p/C-3E8B8Njxy","hid***tti***","17944536788748095","3438238557959240818"
"https://www.instagram.com/eliene_liberatodias","wil***pii***ta","https://www.instagram.com/wiltonpiimenta","2024-08-02T22:39:07.000Z","Parabéns prefeita.",1,0,[],,,"https://www.instagram.com/p/C-LAo6qOX9I","eli***_li***ato******","17949522803820084","3425834753309900616"
"https://www.instagram.com/islamic_official02","ahm***o98***","https://www.instagram.com/ahmedmo9837","2024-08-15T14:52:05.000Z","سبحان الله وبحمده سبحان الله العظيم",0,0,[],,,"https://www.instagram.com/p/C-saeiMtRKH","isl***c_o***cia******","18361374865111908","3435237063290851975"
"https://www.instagram.com/sheyaka.7","she***a.7***","https://www.instagram.com/sheyaka.7","2024-08-15T13:34:59.000Z","https://www.gofundme.com/f/support-haya-eshteiwis-ecommerce-revival?utm_source=copy_link&utm_medium=customer&utm_campaign=man_sharesheet_ft",0,0,[],,,"https://www.instagram.com/p/C-sT_EWotJX","she***a.7***","18044485171777583","3435208512662327895"
"https://www.instagram.com/nwnwconcert","sah***li6***","https://www.instagram.com/saharali6572","2024-08-15T14:18:37.000Z","So proud of you girl ❤️",0,0,[],,,"https://www.instagram.com/p/C-sUfgMAHZZ","nwn***nce***","17937801701776937","3435210741571941977"
"https://www.instagram.com/samanthaettus","tku***123***","https://www.instagram.com/tkushy123","2024-08-14T18:36:53.000Z","Well well well",0,0,[],,,"https://www.instagram.com/p/C-p5db1JR6e","sam***hae***s","18355689454114131","3434528902245326494"
"https://www.instagram.com/stephenbaldwin7","mcg***chs***n","https://www.instagram.com/mcglinchsuzan","Fri Oct 10 2025 21:18:20 GMT+0000 (Coordinated Universal Time)","You’re so cute Stevie B.!!!❤️🙏😇🍀😎🥰",,0,,,,"https://www.instagram.com/reel/DPo7YF4gDjr/","ste***nba***in7***","17945442510055137","3740500630859430123_203305075"
"https://www.instagram.com/healthyfitfabmoms","rob***_tr***_st*********le","https://www.instagram.com/robina_train_strong_steele","Thu Aug 14 2025 06:47:53 GMT+0000 (Coordinated Universal Time)","I love all the great information here😍",,0,,,,"https://www.instagram.com/p/DNTJUniOn_S/","hea***yfi***bmo***","18111269626516113","3698340718259634130_42600642"
"https://www.instagram.com/serafilix__","qan***i","https://www.instagram.com/qanjiii","Mon May 05 2025 03:51:28 GMT+0000 (Coordinated Universal Time)","😍",,0,,,,"https://www.instagram.com/p/DJQb3JYBidA","ser***lix***","18011111273546090","3625520236927002432_65731677779"
"https://www.instagram.com/fit.tax","cam***mph***","https://www.instagram.com/cam_lymph","Mon Sep 08 2025 12:49:40 GMT+0000 (Coordinated Universal Time)","This is so cool, looks so real 🔥🔥",,0,,,,"https://www.instagram.com/p/DOVKUPQEkzP/","fit***x","18094775854588761","3716922438694620367_65069608726"
"https://www.instagram.com/planet.sunflower","win***isd***lin***","https://www.instagram.com/winterisdoodling","Tue Apr 29 2025 20:23:59 GMT+0000 (Coordinated Universal Time)","Aw it’s lovely! Is she a cleric/healer in the campaign?",,2,,,,"https://www.instagram.com/p/DJCuPTuCt3a","pla***.su***owe***","18459741733074555","3621660412464520666_5680454673"
"https://www.instagram.com/nik_adam_11","kur***i._***","https://www.instagram.com/kuroshi.__","Thu May 15 2025 10:54:46 GMT+0000 (Coordinated Universal Time)","WOAH OMG⁉️⁉️⁉️⁉️ I… I IM SPEECHLESS I CANNOT UTTER A WORD 😩😩😩 DUDHAJDUWSIDHJW I’LL DEVOUR THIS ONE YUMMERS ‼️‼️ thanks for joining",,1,,,,"https://www.instagram.com/p/DJqqgveSYme","nik***am_***","18080285185786783","3632903017378449822_48018985986"
"https://www.instagram.com/megannaymola","myc***tiv***ead***","https://www.instagram.com/mycreativekneads","Tue Sep 02 2025 19:44:22 GMT+0000 (Coordinated Universal Time)","These are good ones🔥",,0,,,,"https://www.instagram.com/p/DOG6DIviRMl/","meg***aym***","18287726524259749","3712910245057073957_200952205"
"https://www.instagram.com/megannaymola","cyn***nth***y","https://www.instagram.com/cyn_wintheday","Sun Sep 21 2025 13:06:32 GMT+0000 (Coordinated Universal Time)","🔥🔥🔥",,0,,,,"https://www.instagram.com/p/DOthfV3CQ68/","meg***aym***","17844161820565928","3723779756215832252_200952205"
"https://www.instagram.com/back2basicstherapyllc","men***nes***g_","https://www.instagram.com/mentalnesting_","Mon Sep 15 2025 13:48:43 GMT+0000 (Coordinated Universal Time)","Last week I moved from a windowless basement apartment to a second floor apartment with plenty of windows and my mood has been improved DAILY. I have so much more energy too. It’s incredible what daylight does to our brain ✨",,1,,,,"https://www.instagram.com/p/DOloBGQjG3E/","bac***asi***her*********","18096401212636170","3721556664391593412_73779501731"
"https://www.instagram.com/austyncs_6","trp***hre***4","https://www.instagram.com/trplbthreat24","Sun Mar 28 2021 17:57:09 GMT+0000 (Coordinated Universal Time)","🙌🙌🙌🙌🔥🔥🔥🔥",,0,,,,"https://www.instagram.com/p/CM-HuvOJojX/","aus***cs_***","17865860756357197","2539501238008318167_187693005"
"https://www.instagram.com/socialmediabysana","the***ple***daa******","https://www.instagram.com/thepurplepandaagency","Mon May 05 2025 08:37:53 GMT+0000 (Coordinated Universal Time)","Such great tips 👏",,0,,,,"https://www.instagram.com/p/DE7XamhNLyG/","soc***med***ysa***","17870544729358176","3547532114619841670_56860188719"
"https://www.instagram.com/lady.bmvengeance","_li***ins***ows***","https://www.instagram.com/_lightinshadows._","Fri Oct 10 2025 12:06:46 GMT+0000 (Coordinated Universal Time)","OMGGGG",,0,,,,"https://www.instagram.com/p/DPoLO34Dv2g","lad***mve***anc***","17928552425997016","3740288891111800224_65934426674"
"https://www.instagram.com/alina.lines","pab***ogi***t","https://www.instagram.com/pablologicart","Sat Aug 09 2025 16:46:35 GMT+0000 (Coordinated Universal Time)","The deepness is amazing 🙌😍",,0,,,,"https://www.instagram.com/p/DKh1I8OtXtd","ali***lin***","18070867510891503","3648430884038998877_1527447710"
"https://www.instagram.com/6vi_skull","mir***pil***","https://www.instagram.com/mirelapilko","Thu Sep 04 2025 15:50:33 GMT+0000 (Coordinated Universal Time)","🫂🫂🫂🫂🤩 excellent",,4,,,,"https://www.instagram.com/p/DOLtzodkU4W","6vi***ull***","17874527301409576","3714263777929154070_52112338983"
"https://www.instagram.com/chaos_ismymiddlename","geo***lez***","https://www.instagram.com/geo.rulez","Sun Apr 07 2024 03:06:06 GMT+0000 (Coordinated Universal Time)","Where is 50k friends to lovers oc story plot. I shall be seated 🛐🎀",,0,,,,"https://www.instagram.com/p/C5ZELKqqAP7","cha***ism***ddl******","18019885280499188","3339718958225294331_64008458271"
"https://www.instagram.com/cc.l3m0n","cup***e_x***","https://www.instagram.com/cupc4ke_x","Thu Oct 02 2025 20:23:37 GMT+0000 (Coordinated Universal Time)",,,1,,,,"https://www.instagram.com/p/DPUD2tgiLVZ","cc.***0n","17908218354247976","3734626944852473177_71596654775"
"https://www.instagram.com/courtj5_","tap***.mo***","https://www.instagram.com/tap_to.more","Sun Jan 07 2024 03:55:09 GMT+0000 (Coordinated Universal Time)","ꇙᗴᑎᗪ<ᑭᎥᑕ ♂️4⁷ ⅘@the._art.factory",,0,,,"[""******""]","https://www.instagram.com/p/C1yNo0HRSF3","cou***5_","17852110659104739","3274739858392031607_58643004534"
"https://www.instagram.com/iamstaceyspeller","sar***pau***","https://www.instagram.com/sarah.paun","Mon Sep 29 2025 03:20:37 GMT+0000 (Coordinated Universal Time)","Amen ❤️🌹",,1,,,,"https://www.instagram.com/p/DO7IFjBjUe0/","iam***cey***lle***","18487255318076634","3727608682155689908_402520470"
"https://www.instagram.com/smm.africa","sbm***nst***tio***","https://www.instagram.com/sbm_construction1","Fri Feb 14 2025 17:00:11 GMT+0000 (Coordinated Universal Time)","Daahhh",,0,,,,"https://www.instagram.com/p/DGB0zyeu9d9/","smm***ric***","17968400222720207","3567364637168752509_51032315997"
"https://www.instagram.com/strappiness","rap***nep***cen***","https://www.instagram.com/rapha_nepomuceno","Wed Oct 11 2023 04:18:15 GMT+0000 (Coordinated Universal Time)","👏👏🙌❤️💪🏽😍",,0,,,,"https://www.instagram.com/p/CyPZK9VxQ12/","str***ine***","17897890643888182","3210895763559484790_14593255"
"https://www.instagram.com/roshankushwah204211","man***_el***ric******","https://www.instagram.com/manish_electrician02","Sat Sep 20 2025 12:42:31 GMT+0000 (Coordinated Universal Time)","❤️❤️",,0,,,,"https://www.instagram.com/p/DO0OsY5kqBD","ros***kus***h20******","18097470892723559","3725667414786089027_60666565896"
"https://www.instagram.com/himanshu_vardat_0910","dev***__v***at_*********","https://www.instagram.com/devesh__vardat__up_82","Tue Oct 14 2025 10:18:25 GMT+0000 (Coordinated Universal Time)","Jaan hai apni ☺️❤️🔥🔥🔥",,0,,,,"https://www.instagram.com/p/DPyQfJ9E-Nd","him***hu_***dat******","17862960804493995","3743126750034649949_64127304055"
"https://www.instagram.com/inijoeng","git***rul***kma***","https://www.instagram.com/gitanurul_hikmah","Fri Nov 28 2025 03:42:38 GMT+0000 (Coordinated Universal Time)","❤️❤️❤️",0,0,,,,"https://www.instagram.com/reel/DRjuM6iiWK0/","ini***ng","18102166666736358","3775064110296294068_1420120172"
"https://www.instagram.com/telegraaf.nl","mai***vho***","https://www.instagram.com/maikelvhoof","2025-05-21T05:04:14.000Z","Wanneer de belastingdienst uitgesnoept is blijft er nog geen weekje roompot over voor vele mensen",0,0,,,,"https://www.instagram.com/p/DJ4T39sCfwS/","tel***aaf***","18009610427569058","3636744107793710098_1499801621"
"https://www.instagram.com/nenciesway","pat***iak***er9******","https://www.instagram.com/patriciakeizer922019","2025-11-02T11:47:41.000Z","🙌🙌👏👏",0,0,,,,"https://www.instagram.com/p/DQZpdh7DHEo/","nen***swa***","18084753457993695","3754214113585951016_16638567917"
"https://www.instagram.com/nodietcoach","kar***197***","https://www.instagram.com/karinw1979","2025-03-28T14:43:48.000Z","Handboek",0,1,,,,"https://www.instagram.com/reel/DHvf2ZFIM3C/","nod***coa***","18075677827766217","3598234704515485122_45437778165"
"https://www.instagram.com/vincentrompies","lia***ian***","https://www.instagram.com/liaatriany","Thu Nov 27 2025 12:18:50 GMT+0000 (Coordinated Universal Time)","@radhitpattipeilohy kembar ya",0,1,,,"[""@ra***tpa***pei******""]","https://www.instagram.com/reel/DRjt_UfEuRA/","vin***tro***es","17951796887914107","3775063176082809920_991318"
"https://www.instagram.com/rofidaa.fw_","cla***ant***","https://www.instagram.com/clalasanta","Sat Nov 22 2025 00:27:33 GMT+0000 (Coordinated Universal Time)","Wah ini tepatnya daerah mana kak ?",0,1,,,,"https://www.instagram.com/reel/DRUMFH_k-wK/","rof***a.f***","18098546974766627","3770691916754316298_6335940576"
"https://www.instagram.com/sarwendah29","dhe***tra***","https://www.instagram.com/dhewietracy","Tue Dec 09 2025 03:03:52 GMT+0000 (Coordinated Universal Time)","Ini konsep konten nya drama2 Korea romantis buat mendukung jualan live",0,2,,,,"https://www.instagram.com/reel/DSBtyRek9gu/","sar***dah***","18064759118631392","3783506528801380398_27058559"
"https://www.instagram.com/splack","jec***ss","https://www.instagram.com/jecijess","Mon Jul 14 2025 04:55:38 GMT+0000 (Coordinated Universal Time)","🙌🔥🔥🔥🔥❤️",0,1,,,,"https://www.instagram.com/reel/DMEwZkxuC7S","******","17992362386669033","3676276059549478610_776385739"
"https://www.instagram.com/kachi_jewelry_","fri***arl***","https://www.instagram.com/frithmarlina","Mon Jun 16 2025 03:20:11 GMT+0000 (Coordinated Universal Time)","Is this chain real as if white gold a diamond?",0,2,,,,"https://www.instagram.com/reel/DKq6bKHuipd","kac***jew***y_","18068865716065081","3650987400927783517_70704893340"
"https://www.instagram.com/lucymakes_","******","https://www.instagram.com/acorg","Thu Dec 11 2025 23:17:32 GMT+0000 (Coordinated Universal Time)","Wowwwww i need this immediately",0,0,,,,"https://www.instagram.com/p/DSIvKTJksNv/","luc***kes***","18095132353704379","3785482902747399023_51127099288"
"https://www.instagram.com/nonikayuwidya","des***mah***rab******","https://www.instagram.com/desiyamahasurabaya","Sun Nov 30 2025 10:07:59 GMT+0000 (Coordinated Universal Time)","Suka bajumu kak🔥",0,2,,,,"https://www.instagram.com/reel/DRrQAeLE8K_/","non***yuw***a","18067285268397853","3777183113622569663_4487245707"
"https://www.instagram.com/soldejaneiro","yi_***ha","https://www.instagram.com/yi_kucha","Sun Oct 19 2025 12:49:35 GMT+0000 (Coordinated Universal Time)","💜💜💜",,1,,,,"https://www.instagram.com/p/DP9VAuwE_cl","sol***ane***","17888646183365912","3746242874217592613_1785626724"
"https://www.instagram.com/seguraep","cca***na1***","https://www.instagram.com/ccavanna10","Wed Oct 15 2025 04:40:32 GMT+0000 (Coordinated Universal Time)","NO ESTA ALVAREZ SILENCIO RC5",,1,,,,"https://www.instagram.com/p/DP0D7WrDARW","seg***ep","17931645159099313","3743634463184913494_7301545695"
"https://www.instagram.com/margit__david","rad***k","https://www.instagram.com/radabuk","Wed Sep 10 2025 03:33:57 GMT+0000 (Coordinated Universal Time)","❤️",,0,,,,"https://www.instagram.com/p/DOWcb3NgPRy/","mar***__d***d","17914518090189985","3717283602451461234_443116424"
"https://www.instagram.com/orquestafilarmonicagye","ana***zal***","https://www.instagram.com/anagonzal3s","Sat Sep 20 2025 19:05:00 GMT+0000 (Coordinated Universal Time)","Esta funcion no me la voy a perder 🙌",,0,,,,"https://www.instagram.com/p/DOz1goNjH1c","orq***taf***rmo*********","18075788213101329","3725556655430860124_5750219518"
"https://www.instagram.com/ligapro.kids","jos***end***8","https://www.instagram.com/josuumendez38","Tue Sep 16 2025 16:18:44 GMT+0000 (Coordinated Universal Time)","No hay nada más poderoso que compartir desde el alma y esta sorpresa a Pascual fue puro corazón.",,0,,,,"https://www.instagram.com/reel/DOpN3-sETQG","lig***o.k***","18070184735232372","3722567588485608454_55484596244"
"https://www.instagram.com/terminalesgye","fra***arg***rei***","https://www.instagram.com/franzvargasfreire","Sat Sep 20 2025 16:56:40 GMT+0000 (Coordinated Universal Time)","Muchas Gracias Sr. Alcalde 🤍🩵",,0,,,,"https://www.instagram.com/p/DOzX5tMjJZI","ter***ale***e","17995704761681370","3725426437374383688_8519935784"
"https://www.instagram.com/tasminsabarcoaching","aur***sma***ine******","https://www.instagram.com/auralismagazinewib","Thu Aug 28 2025 03:06:24 GMT+0000 (Coordinated Universal Time)","You are THE vibe. We sent you a message when you get a chance!",,0,,,,"https://www.instagram.com/p/DN21ozrWBfO/","tas***sab***oac******","18059744204377330","3708387243918366670_203655225"
"https://www.instagram.com/municipiogye","car***hen***","https://www.instagram.com/caroochen12","Sat Oct 18 2025 02:06:40 GMT+0000 (Coordinated Universal Time)","@parra.socrates",,0,,,"[""******""]","https://www.instagram.com/reel/DP2UbSXDXTC","mun***pio***","18089641078720668","3744269976275350722_1427889480"
"https://www.instagram.com/soldejaneiro","ult***aut***","https://www.instagram.com/ultabeauty","Thu Oct 02 2025 19:17:12 GMT+0000 (Coordinated Universal Time)","so many gorgeous gifts to give (and keep)",,3,,,,"https://www.instagram.com/p/DPUL_0Lj4gS","sol***ane***","18098904706730259","3734662754864171026_1785626724"
"https://www.instagram.com/cyntiaballet","ros***t.c***","https://www.instagram.com/rossett.c","Sun Nov 23 2025 13:01:28 GMT+0000 (Coordinated Universal Time)","❤️❤️",0,1,,,,"https://www.instagram.com/p/DRYnWf7jGMT","cyn***bal***","17985341033868697","3771937757850264339_3964285095"
"https://www.instagram.com/srta_mendi","poc***nta***cia******","https://www.instagram.com/pocahontaoficial01","Sun Nov 16 2025 17:44:23 GMT+0000 (Coordinated Universal Time)","😍😍😍😍",0,0,,,,"https://www.instagram.com/p/DRH8aThFkRi","srt***end***","18049994387362689","3767245303771972706_3237741345"
"https://www.instagram.com/ronald_vidals","jua***ton***ord******","https://www.instagram.com/juanantoniopordios","Wed Nov 12 2025 17:38:00 GMT+0000 (Coordinated Universal Time)","Qué maravilla!!!",0,0,,,,"https://www.instagram.com/p/DQ9tdziiYxr","ron***_vi***s","18030224993746342","3764364823849700459_2094205796"
"https://www.instagram.com/clao_ferrer","nai***a_1***","https://www.instagram.com/nailita_1307","Sat Oct 26 2024 15:15:48 GMT+0000 (Coordinated Universal Time)","Bella la Barbie Klau 😍💖",0,1,,,,"https://www.instagram.com/p/DBe79sEyF-w","cla***err***","18049834762808989","3485486885588459440_39937358347"
"https://www.instagram.com/ll.ovely","spi***tzz***","https://www.instagram.com/spitgutzz","Sun Dec 11 2022 21:57:45 GMT+0000 (Coordinated Universal Time)","woww your art is so pretty!",,1,,,,"https://www.instagram.com/p/Cl9aBozvbaa","ll.***ly","17910425882668578","2989660189390386842_2162707650"
"https://www.instagram.com/mohamed.edriss.102","ram***.no***n","https://www.instagram.com/ramlah.nordin","Sun Sep 21 2025 11:39:06 GMT+0000 (Coordinated Universal Time)","The most beautiful painting 👏👏👏",,2,,,,"https://www.instagram.com/p/DH--BAjMyX8","moh***d.e***ss.******","18058856261617119","3602589500136695292_7366360613"
"https://www.instagram.com/kendall.sheryl","msk***ale***","https://www.instagram.com/mskimhale","Sun Sep 21 2025 22:41:27 GMT+0000 (Coordinated Universal Time)","Miss dancing with y’all! You look great!🙌",,1,,,,"https://www.instagram.com/p/DO4YtE-kj4u/","ken***l.s***yl","17957290487851502","3726837342486543918_3188597132"
"https://www.instagram.com/therealmikep","_re***usi***","https://www.instagram.com/_rellmusic","Wed May 14 2025 01:39:45 GMT+0000 (Coordinated Universal Time)","🥂 🎂👌🏾",,0,,,,"https://www.instagram.com/p/DJnPwe8Se6q","the***lmi***","18069149770988334","3631940926953877162_28391332"
"https://www.instagram.com/keyno.ray","mem***xo","https://www.instagram.com/memet_xo","Sat Sep 10 2022 08:18:22 GMT+0000 (Coordinated Universal Time)","@mabelline16  @jorene_6",,1,,,"[""@ma***lin***"",""@jo***e_6***""]","https://www.instagram.com/p/CiL9pqjDGE-","key***ray***","17857910903796481","2921699927300792638_4585310203"
"https://www.instagram.com/erinn_marie4real","mar***rit***ej","https://www.instagram.com/marvinritchiej","Fri Apr 18 2025 13:11:06 GMT+0000 (Coordinated Universal Time)","🔥🙌🙌🙌🙌🙌",,1,,,,"https://www.instagram.com/p/DIj3-GxyH0Y/","eri***mar***rea***","17889513501127270","3612977486524611864_3204354294"
"https://www.instagram.com/digitalwealthasa","plr***n","https://www.instagram.com/plr.men","Tue Aug 13 2024 19:32:55 GMT+0000 (Coordinated Universal Time)","🙌🙌🙌",,1,,,,"https://www.instagram.com/p/C-k1QP3JikT/","dig***lwe***has***","18033090323156619","3433103028971251987_59340849077"
"https://www.instagram.com/thebryansebastian","fel***aaa***che******","https://www.instagram.com/feliciaaa.michelle","Sat Aug 09 2025 07:54:34 GMT+0000 (Coordinated Universal Time)","And that’s how we do👏👏 keep pushin!! 🫡",,0,,,,"https://www.instagram.com/p/DNHYcOdvEjW","the***ans***sti***","17877919860380582","3695029512073660630_48630972360"
"https://www.instagram.com/nandompr","frs***neb***s","https://www.instagram.com/frshlinebulls","Tue Sep 23 2025 04:15:29 GMT+0000 (Coordinated Universal Time)",,,0,,,,"https://www.instagram.com/p/DO7k6X9jru_","nan***pr","18080229700979075","3727735457712094143_1046465458"
"https://www.instagram.com/aquilesenlacomunidad","xav***.me***a.9***","https://www.instagram.com/xavier.medina.942","Tue Sep 30 2025 01:51:26 GMT+0000 (Coordinated Universal Time)","Excelente trabajo.",,0,,,,"https://www.instagram.com/reel/DPNU4y5gKqL/","aqu***sen***omu******","18090624604636455","3732731530032753291_72934392519"
"https://www.instagram.com/aquilesalvarezhenriques","lui***ome***","https://www.instagram.com/lui_sromero0","Mon Sep 15 2025 02:16:37 GMT+0000 (Coordinated Universal Time)","Igual al anime de haikyuu 😎😅",,0,,,,"https://www.instagram.com/p/DOloXGkDRL8","aqu***sal***ezh*********","18101895346717433","3721558176547279612_52766878425"
"https://www.instagram.com/keemyjam","jul***ann***ami******","https://www.instagram.com/julie.anne.ramirez","Sun Sep 15 2024 20:14:50 GMT+0000 (Coordinated Universal Time)","Happy birthday 🎉🎉",,1,,,,"https://www.instagram.com/p/C_8iUJgOfEc/","kee***am","17878526421115541","3457789532088955164_212349752"
"https://www.instagram.com/aaradhyamanak","__n***l16***","https://www.instagram.com/__nihal16","2024-07-02T00:08:45.000Z","Most beautiful girl in this earth 🌍❤️",0,0,,,,"https://www.instagram.com/aaradhyamanak/p/C45A0rEP6ix/","aar***yam***k","18057600616624300","3330697019072161969"
"https://www.instagram.com/editor_bhaina","cha***a_s***ar_*********","https://www.instagram.com/chandra_sekhar___panda","2025-03-04T17:04:18.000Z","Bhai ata pay karibaku padiba free re kichi heba ni",0,0,,,,"https://www.instagram.com/editor_bhaina/reel/DBhzjrCsuqK/","edi***_bh***a","17894146521174555","3486294338331404938"
"https://www.instagram.com/riyaality_vlogs","sha***lya***ic","https://www.instagram.com/shandilyamusic","2025-02-08T07:35:38.000Z","Black coffee is not that bad😭",0,0,,,,"https://www.instagram.com/riyaality_vlogs/reel/DFwOENuoR88/","riy***ity***ogs***","18053123756484764","3562409167520079676"
"https://www.instagram.com/abhishek__sathyan","ara***.dd***","https://www.instagram.com/aravin.ddd","2024-01-20T08:19:13.000Z","😍😍😍",0,0,,,,"https://www.instagram.com/athira_prabha_/reel/Czt1NCXvTon/","abh***ek_***thy***","18001478597369822","3237477699513301543"
"https://www.instagram.com/sakku.75","har***569***","https://www.instagram.com/hario7569","2023-12-11T04:45:05.000Z","🔥",0,0,,,,"https://www.instagram.com/sakku.75/p/C0W3Mt8NX2r/","sak***75","18102585265364443","3249026947714743723"
"https://www.instagram.com/sakku.75","sus***10","https://www.instagram.com/sushsu10","2023-12-12T12:52:17.000Z","So beautiful 💖",0,0,,,,"https://www.instagram.com/sakku.75/reel/CzrPyV7LmQM/","sak***75","17898105899923783","3236750187408811020"
"https://www.instagram.com/socialsbyladie","soc***sby***ie","https://www.instagram.com/socialsbyladie","Thu Aug 28 2025 14:05:05 GMT+0000 (Coordinated Universal Time)","It’s not about posting more, it’s about posting with purpose. That’s when the real results start showing up.",,0,,,,"https://www.instagram.com/p/DN5pwSHidRk/","soc***sby***ie","17872180110421711","3709179406011978852_73613155043"
"https://www.instagram.com/zoesmeyers","mom***e_w***_ac******","https://www.instagram.com/momlife_with_acnes","Sun Sep 14 2025 10:52:02 GMT+0000 (Coordinated Universal Time)","Vind jouw top prachtige",,1,,,,"https://www.instagram.com/p/DFs3pACIzKB/","zoe***yer***","18022817573544777","3561466115435737729_220880795"
"https://www.instagram.com/mxinnamon","luc***sfu***tur***","https://www.instagram.com/lucielsfurniture","Fri Jul 18 2025 18:03:55 GMT+0000 (Coordinated Universal Time)","OMFG THIS IS BEAUTIFULLL",,1,,,,"https://www.instagram.com/p/DMQe2M5KYtw","mxi***mon***","18306338875169626","3679576561652697968_27638113597"
"https://www.instagram.com/rahafahmad15_","mar***es0***","https://www.instagram.com/marianes02","Mon Jul 07 2025 20:00:03 GMT+0000 (Coordinated Universal Time)","Ahdam wahdee😍😍",,0,,,,"https://www.instagram.com/p/DL0YIo_Mhpk/","rah***hma***_","17906421423084582","3671665743095798372_14810377457"
"https://www.instagram.com/organiza_de_diez","mar***ela***rce*********","https://www.instagram.com/mariadelasmercedesgabbi","Sun Sep 21 2025 18:50:32 GMT+0000 (Coordinated Universal Time)","Muy buen consejo!",,1,,,,"https://www.instagram.com/p/DO37u4CiHxn/","org***za_***die***","17940142874940619","3726709922684501095_38554984019"
"https://www.instagram.com/the_witches_cookery","ann***fsp***t","https://www.instagram.com/annwolfspirit","Sun Sep 28 2025 15:31:21 GMT+0000 (Coordinated Universal Time)","Wheel",,1,,,,"https://www.instagram.com/p/DPJlmEZDDMP/","the***tch***coo******","18065357180364242","3731679110029390607_34388832541"
"https://www.instagram.com/maxiaj","mis***til***","https://www.instagram.com/missestilos","Wed Sep 10 2025 17:01:54 GMT+0000 (Coordinated Universal Time)","Pintaza!",,0,,,,"https://www.instagram.com/p/C847VQGMsbx/","******","18076593001834251","3402730463615436529_483549268"
"https://www.instagram.com/annie_purcell17","cga***99","https://www.instagram.com/cgalb_99","Thu Dec 26 2024 03:09:41 GMT+0000 (Coordinated Universal Time)","He is so loved!! Merry Christmas ❤️",,0,,,,"https://www.instagram.com/p/DEBXEhltvWl/","ann***pur***l17***","17920558956009720","3531205048849069477_247385807"
"https://www.instagram.com/brenboy503","res***the***se.*********","https://www.instagram.com/respecthehouse.marketing","Sat Jul 26 2025 00:40:02 GMT+0000 (Coordinated Universal Time)","Check email",,0,,,,"https://www.instagram.com/p/C0fUiQUPD28","bre***y50***","18063423779230799","3251407770896580028_272672388"
"https://www.instagram.com/holland.bug","sla***boy***","https://www.instagram.com/slay3dboy","Fri Jun 02 2023 22:53:04 GMT+0000 (Coordinated Universal Time)","LOVE !!!! U SHOULD POST THE SPEED DRAWS ON A YT CHANNEL",,5,,,,"https://www.instagram.com/p/CtAWMDVOR7Z","hol***d.b***","17978801099499594","3116588527374638809_1411180504"
"https://www.instagram.com/paolabregova","shn***t_b***u","https://www.instagram.com/shndrit_bizhu","Sun Dec 07 2025 12:50:38 GMT+0000 (Coordinated Universal Time)","😍😍😍😍😍",0,0,,,,"https://www.instagram.com/p/DR9WcEgjOWa/?img_index=8","pao***reg***","18086693884989366","3782277948070749594_28394648339"
"https://www.instagram.com/inesbombshell","red***ett***","https://www.instagram.com/redossett","Sun Dec 07 2025 11:52:47 GMT+0000 (Coordinated Universal Time)","🔥🔥",0,0,,,,"https://www.instagram.com/p/DR9cttqDDNM/?img_index=1","ine***mbs***l","17987523335872503","3782305548763673420_2274235337"
"https://www.instagram.com/groetzner.selina","gro***ner***lin***","https://www.instagram.com/groetzner.selina","Wed Dec 03 2025 16:34:59 GMT+0000 (Coordinated Universal Time)","#makeup #inspiration #selfie #lipgloss 
#vintage #90svintage #softaesthetic #aesthetic
#retroaesthetic #fashionblogger #softaesthetic
#blueaesthetic #aesthetictumblr #paleaesthetic #90saesthetic #vintageaesthetic #fashionbaw
#arthoeaesthetic #beigeaesthetic",0,0,,"[""#makeup"",""#inspiration"",""#selfie"",""#lipgloss"",""#vintage"",""#90svintage"",""#softaesthetic"",""#aesthetic"",""#retroaesthetic"",""#fashionblogger"",""#softaesthetic"",""#blueaesthetic"",""#aesthetictumblr"",""#paleaesthetic"",""#90saesthetic"",""#vintageaesthetic"",""#fashionbaw"",""#arthoeaesthetic"",""#beigeaesthetic""]",,"https://www.instagram.com/p/DRzuUtijM9_/","gro***ner***lin***","17855156697533031","3779568245721059199_1618903955"
"https://www.instagram.com/darjaromanova","rag***oma***","https://www.instagram.com/ragdhgomaa","Wed Dec 10 2025 13:33:08 GMT+0000 (Coordinated Universal Time)","💞😍😘💞",0,1,,,,"https://www.instagram.com/p/DSCjAJKkVvY/","dar***oma***a","18126360148459993","3783740578413501400_145307744"
"https://www.instagram.com/marrcv","ela***sfj***ra","https://www.instagram.com/elaisisfjodora","Wed Dec 03 2025 22:35:46 GMT+0000 (Coordinated Universal Time)","Prettiestt😍",0,0,,,,"https://www.instagram.com/p/DR0OXx5EhWk/?img_index=2","******","18076931294225988","3779709194040645028_47198870046"
"https://www.instagram.com/_fashionista.aditi_","ars***111***","https://www.instagram.com/arshi7111","2025-07-08T17:58:58.000Z","Beautiful",0,1,,,,"https://www.instagram.com/_fashionista.aditi_/p/DL2wiN9yBpc","_fa***oni***.ad******","18090606454630687","3672336003857128028_10164534329"
"https://www.instagram.com/platgamma","cur***dby***","https://www.instagram.com/curatedbysg","Sat Feb 15 2025 00:55:54 GMT+0000 (Coordinated Universal Time)","🔥🔥🔥🔥",,1,,,,"https://www.instagram.com/p/DGDdxHIxPYj/","pla***mma***","17984392814647055","3567826248074065443_45133505"
"https://www.instagram.com/_grace.gg_","ser***ach***","https://www.instagram.com/serainachan","Tue Oct 07 2025 17:26:53 GMT+0000 (Coordinated Universal Time)","gorgeous girl🥰",,0,,,,"https://www.instagram.com/p/DPdTJQGiqBS/","_gr***.gg***","18056868119200853","3737227464435998802_48564287283"
"https://www.instagram.com/isos_shotz","mik***eem***c","https://www.instagram.com/mikeyveemusic","Wed Aug 27 2025 15:21:59 GMT+0000 (Coordinated Universal Time)","🔥🔥🔥",,0,,,,"https://www.instagram.com/p/DN3HTXN4lym","iso***hot***","17857475634487403","3708464935087529126_184240234"
"https://www.instagram.com/mannysourceproductions","mdr***hon***","https://www.instagram.com/mdrowshona24","Wed Mar 20 2024 22:01:46 GMT+0000 (Coordinated Universal Time)","🔥🔥🔥",,0,,,,"https://www.instagram.com/p/C4eUa8qL-6T","man***our***rod*********","17944415345684262","3323183387814915731_5370207672"
"https://www.instagram.com/fe_fa_foe_fump","gas***_vp***","https://www.instagram.com/gassed_vp","Tue Jul 08 2025 21:49:15 GMT+0000 (Coordinated Universal Time)","Fe Fah!!!!",,1,,,,"https://www.instagram.com/p/DL3I3eexGw9","fe_***foe***mp","18045308216279898","3672443017815682109_73107330314"
"https://www.instagram.com/wordonthenetpod","mii***lfe***","https://www.instagram.com/miiguelfer","Sat Dec 21 2024 18:58:24 GMT+0000 (Coordinated Universal Time)","Genial💎",,1,,,,"https://www.instagram.com/p/DD2LlURRuYs","wor***the***pod***","18038846228077499","3528058300988319276_57256965047"
"https://www.instagram.com/1amkayne","mei***ord***s","https://www.instagram.com/meirecordings","Sat Dec 21 2024 19:18:47 GMT+0000 (Coordinated Universal Time)","🔥🔥🔥",,0,,,,"https://www.instagram.com/p/Cjgg0q9glbV","1am***ne","18057712273901719","2945498513330558677_330826475"
"https://www.instagram.com/emyconcept7_eventplanner","att***tab***air***","https://www.instagram.com/attractablehairs","Wed May 07 2025 15:12:21 GMT+0000 (Coordinated Universal Time)","Nice",,0,,,,"https://www.instagram.com/p/DJWFOjXImCi/","emy***cep***eve*********","17954600111808321","3627109540167835810_67969591984"
"https://www.instagram.com/emyconcept7_eventplanner","hou***fje***byk***","https://www.instagram.com/houseofjewelbykev","Tue Aug 12 2025 10:42:51 GMT+0000 (Coordinated Universal Time)","Lovely",,1,,,,"https://www.instagram.com/p/DNP9yEiMRGV/","emy***cep***eve*********","18100773697597888","3697445540774089109_67969591984"
"https://www.instagram.com/clifford_telfer","ali***tem***","https://www.instagram.com/alice_tembo_","Tue Jun 17 2025 20:56:14 GMT+0000 (Coordinated Universal Time)","👏👏👏",,0,,,,"https://www.instagram.com/p/DKdHPJVRaYy/","cli***rd_***fer***","18063222917473188","3647103100378261042_31803732235"
"https://www.instagram.com/apple","sak***sdi***","https://www.instagram.com/sakurasdiary","Sun Sep 21 2025 15:51:03 GMT+0000 (Coordinated Universal Time)","This was a total missed opportunity with Apple to release ""Jackson"" from Garageband (if you know, you know). 🤣❤️",,0,,,,"https://www.instagram.com/p/DOr_4pEjZDM/","******","17996227223830035","3723350486272544972_5821462185"
"https://www.instagram.com/only1sirbrock","tre***n.h***ers***","https://www.instagram.com/treston.henderson","Mon Apr 21 2025 15:30:53 GMT+0000 (Coordinated Universal Time)","Yessirrr🔥",,0,,,,"https://www.instagram.com/p/DImXajtvk8f/","onl***irb***k","17951394875957815","3613678731135962911_26100802"
"https://www.instagram.com/fer_jalil","rg8***695***","https://www.instagram.com/rg8774695","Sat Oct 11 2025 23:26:02 GMT+0000 (Coordinated Universal Time)","Yo una ves vi en internet que las respiraciones ayuda la verdad no recuerdo muy vien pero busca",,4,,,,"https://www.instagram.com/p/DPr7QdlkkhD","fer***lil***","18073628075179355","3741344531485968451_317111648"
"https://www.instagram.com/lexiilouuu_2","og_***e","https://www.instagram.com/og_jmoe","Wed Mar 22 2023 19:38:32 GMT+0000 (Coordinated Universal Time)","Tough 🔥🔥🔥 come get in the lab with me I got some work for u",,1,,,,"https://www.instagram.com/p/CqGkbfGvoAm/","lex***ouu***","18009361009598075","3064296814971617318_49365575738"
"https://www.instagram.com/melo.sempai","tin***ria***","https://www.instagram.com/tinamaria_7","Tue Oct 07 2025 05:18:56 GMT+0000 (Coordinated Universal Time)","Jared ist ein toller Typ mit einer mega Stimme. Seine Musik ist top❤️",,0,,,,"https://www.instagram.com/p/DPd7DypiNz8/","mel***emp***","18096212620708696","3737403011073891580_45516864029"
"https://www.instagram.com/rachel_limitlessliving","_ne***ate***","https://www.instagram.com/_nexomate_","Thu Jul 31 2025 03:47:58 GMT+0000 (Coordinated Universal Time)","🙌❤️❤️",,0,,,,"https://www.instagram.com/p/DMrpFGjNhD1/","rac***_li***les*********","18074085022825318","3687221390470418677_41658023"
"https://www.instagram.com/as.rogue","ro.***art***","https://www.instagram.com/ro.co.art","Mon Oct 13 2025 20:05:36 GMT+0000 (Coordinated Universal Time)","Oh my gosh I love this idea. And Happy  birthday!! 😃❤️",,1,,,,"https://www.instagram.com/p/DPwpVLBiGyC","as.***ue","17921936334039175","3742673065197726850_64543926888"
"https://www.instagram.com/m1idari","cag***ben***","https://www.instagram.com/cagri_ben","Sun Dec 01 2024 23:02:27 GMT+0000 (Coordinated Universal Time)","I can smell the aids",,1,,,,"https://www.instagram.com/p/CuDR5GSPkPw","m1i***i","18159913789322093","3135428456129381360_42902309250"
"https://www.instagram.com/transformmdbycamillecash","mrs***eth***ran***","https://www.instagram.com/mrs_ideth_miranda","Tue Sep 17 2024 00:40:22 GMT+0000 (Coordinated Universal Time)","I know her 😍",,2,,,,"https://www.instagram.com/p/C__sB6_SvL9/","tra***orm***yca*********","18042697282991969","3458676684948697853_56897205397"
"https://www.instagram.com/m1idari","by.***rah***","https://www.instagram.com/by.rahrah","Thu Aug 03 2023 22:06:15 GMT+0000 (Coordinated Universal Time)","Luv you",,0,,,,"https://www.instagram.com/p/CuDR5GSPkPw","m1i***i","18295811998119565","3135428456129381360_42902309250"
"https://www.instagram.com/theagencyboulder","the***ncy***ver***","https://www.instagram.com/theagencydenver","Mon Oct 06 2025 21:14:43 GMT+0000 (Coordinated Universal Time)","Welcome to the team!!! 🔥🔥🔥",,0,,,,"https://www.instagram.com/p/DPexgMVkj1p/","the***ncy***lde***","18531314194016987","3737642457313197417_63178643242"
"https://www.instagram.com/iplayedclarinetonce","ami***u","https://www.instagram.com/amiesuu","Tue Sep 02 2025 00:32:08 GMT+0000 (Coordinated Universal Time)","Omg yayyyy🥹🫶",,0,,,,"https://www.instagram.com/p/DOFG7_nEXQ-","ipl***dcl***net******","17924068506106314","3712403978866226238_3693952758"
"https://www.instagram.com/oliviamaemagnus","jos***ohe***","https://www.instagram.com/josiecohennn","Thu Mar 21 2024 18:41:58 GMT+0000 (Coordinated Universal Time)","liv you are so talented!!! 😍😍",,1,,,,"https://www.instagram.com/p/C4wYUdqtWf1/","oli***mae***nus***","18067709524496206","3328267083987642357_14417956568"
"https://www.instagram.com/skinnylab.babe","flo***a._***ns.******","https://www.instagram.com/florida._icons.inc","Sun Aug 31 2025 18:36:33 GMT+0000 (Coordinated Universal Time)","Send me this post🔥",,1,,,,"https://www.instagram.com/p/DOB3djLD2N5/","ski***lab***be","17923978623126165","3711491491119457145_267328665"
"https://www.instagram.com/alys_9s","kya***_ni***","https://www.instagram.com/kyara__ni3","Fri Aug 29 2025 19:44:11 GMT+0000 (Coordinated Universal Time)","UWAAA this is amazing 😻😻😻😻😻😻😻😻",,1,,,,"https://www.instagram.com/p/DN8rdvhDXKk","aly***s","17966507567952314","3710031352931644068_50609952108"
"https://www.instagram.com/choco_icecream0","mor***odl***","https://www.instagram.com/morudoodle","Fri Sep 19 2025 15:05:50 GMT+0000 (Coordinated Universal Time)","OH MYY😭😭💕💕 THIS LOOKS LIKE A PAINTINGGG AAAA🥹💝 LUV THE COLORS AND THE COMPOSITION SM! U COOKED SO HARDD✨",,1,,,,"https://www.instagram.com/p/DOyN4FxiOny","cho***ice***am0***","18021225326770547","3725100870883928562_41183643373"
"https://www.instagram.com/elizabeth_accurso","xxs***__x***","https://www.instagram.com/xxstar__xx","Mon Feb 17 2025 03:36:34 GMT+0000 (Coordinated Universal Time)","HAWTIE",,1,,,,"https://www.instagram.com/p/DGI5Jc9uC4A","eli***eth***cur***","18095750158522146","3569354042917793280_3987909587"
"https://www.instagram.com/madisonpatchan","syd***.my***de","https://www.instagram.com/sydney.myraide","Mon Apr 04 2022 22:39:17 GMT+0000 (Coordinated Universal Time)","MADI LITERAL MODEL",,0,,,,"https://www.instagram.com/p/Cb6RYYNLbFA","mad***npa***an","17868911453644727","2808633759667958080_46423987896"
"https://www.instagram.com/wickedwitcht_","ari***re.***orn***","https://www.instagram.com/arierure.reborn","Sun Aug 31 2025 21:48:14 GMT+0000 (Coordinated Universal Time)","Icon living 🔥",,0,,,,"https://www.instagram.com/p/DNQ6kw-xUd1","wic***wit***_","18054169700550595","3697712907262707573_28488169733"
"https://www.instagram.com/wickedwitcht_","kar***_ki***","https://www.instagram.com/karma__killz","Wed Oct 01 2025 23:07:53 GMT+0000 (Coordinated Universal Time)","AYEEEEE YOU ATE THIS TF UP!!! 🔥🔥🔥",,0,,,,"https://www.instagram.com/p/DPR7pLlkSas","wic***wit***_","18151897243394628","3734027880750982828_28488169733"
"https://www.instagram.com/diosalilith_","seq***eds***ubu***","https://www.instagram.com/sequinedsuccubus","Thu Jan 09 2025 15:16:05 GMT+0000 (Coordinated Universal Time)","You are so beautiful",,0,,,,"https://www.instagram.com/p/DB-BpKUPLIH","dio***ili***","18079005346606088","3494237587508081159_420434914"
"https://www.instagram.com/mizz_parkerfit","gry***l_j***erg******","https://www.instagram.com/grysell_jumpergirl","Sun Oct 05 2025 20:06:36 GMT+0000 (Coordinated Universal Time)","🌟🌟💪💪💯💯",,0,,,,"https://www.instagram.com/p/DPb9azjjiw_/","miz***ark***it","17980891100868445","3736850438734883903_1164832054"
"https://www.instagram.com/cyborgfitness_","a1f***ess***","https://www.instagram.com/a1fitness9","Thu Aug 03 2023 11:45:01 GMT+0000 (Coordinated Universal Time)","Well done my bro👏🏿👏🏿",,1,,,,"https://www.instagram.com/p/CvcZL9NIe2y/","cyb***fit***s_","18017937661660892","3160511811302845874_11589732452"
"https://www.instagram.com/dandelionmusical","bri***pia***a","https://www.instagram.com/brian.piazzza","Mon Jul 28 2025 22:30:29 GMT+0000 (Coordinated Universal Time)","Mother Hannah🤍🤍",,1,,,,"https://www.instagram.com/p/DMqm_NOAVXK/","dan***ion***ica***","18066310181174329","3686930714244240842_14930455362"
"https://www.instagram.com/taylorpatno","bad***ema***ine*********udi***","https://www.instagram.com/badienemagaziner_vocalstudio","Tue Aug 12 2025 20:49:31 GMT+0000 (Coordinated Universal Time)","You’re in Nova Scotia? Enjoy❤️❤️❤️❤️❤️",,0,,,,"https://www.instagram.com/p/DNRIFq6SekM/","tay***pat***","18061796324051449","3697772343092439308_393060785"
"https://www.instagram.com/karkyna_","rob***hyb***ech******","https://www.instagram.com/robin.hybridechoes","Tue Sep 09 2025 17:03:16 GMT+0000 (Coordinated Universal Time)","Molta figaggine in questo post.😍",,1,,,,"https://www.instagram.com/p/DOYsC1tiIbI","kar***a_","18080675902908057","3717915201552025288_12073456024"
"https://www.instagram.com/baileybowdenn","lai***ybo***n","https://www.instagram.com/laineyybowden","Sat May 31 2025 20:55:10 GMT+0000 (Coordinated Universal Time)","miss you already 🦋🦋",,0,,,,"https://www.instagram.com/p/DKVPK2lSg8h/","bai***bow***n","18065713463101563","3644886189926387489_2014042198"
"https://www.instagram.com/bakewithnadia_","hif***__","https://www.instagram.com/hifsah__","Fri Oct 10 2025 17:50:06 GMT+0000 (Coordinated Universal Time)","Wow, is there anything you can’t do😍😍😍😍😍allahumabarik",,0,,,,"https://www.instagram.com/p/DPoUjiLjCWf/","bak***thn***a_","17996471129688508","3740329893344060831_33045818565"
"https://www.instagram.com/eatinnovasian","its***gan***ack***","https://www.instagram.com/itsmorganwomack","Thu Oct 16 2025 18:23:21 GMT+0000 (Coordinated Universal Time)","circled back because im stil thinking about these",,0,,,,"https://www.instagram.com/eatinnovasian/p/DP1g0DhEYuB/","eat***ova***n","17977115189779073","3744042979905604481_1409744267"
"https://www.instagram.com/beaubullardaz","lou***cia***lea******","https://www.instagram.com/lougarciatitleagent","Thu Oct 02 2025 23:18:03 GMT+0000 (Coordinated Universal Time)","I need to get stronger fingers!",,2,,,,"https://www.instagram.com/p/DPUlMXlgVV8/","bea***lla***z","18054322937249508","3734773568676910460_631365086"
"https://www.instagram.com/tamtamayoo","oli***arc***","https://www.instagram.com/oliva.arc","Wed Jul 17 2024 02:20:27 GMT+0000 (Coordinated Universal Time)","que lindooos",,0,,,,"https://www.instagram.com/p/C9gPQ30CAlj/","tam***ayo***","18039657859794101","3413795647684872547_191130791"
"https://www.instagram.com/onemorechap_backup","rai***wpa***._","https://www.instagram.com/rainbowpages._","Fri Dec 08 2023 10:41:01 GMT+0000 (Coordinated Universal Time)","@readwhiteandrose",,0,,,"[""@re***hit***dro***""]","https://www.instagram.com/p/C0NHy8poE3e","one***ech***bac******","17992757813242375","3246285193826291166_51717787173"
"https://www.instagram.com/rafael.fonteles","ani***mar***s31***","https://www.instagram.com/anita_marques31","2024-04-13T10:49:45.000Z","👏🏽👏🏽👏🏽",0,0,,,,"https://www.instagram.com/p/C5drwQqLHyK/","raf***.fo***les***","18045957922676542","3341018931001064586"
"https://www.instagram.com/seducpi","lee***ode***","https://www.instagram.com/leeh.code","2024-12-13T18:31:22.000Z","E o dinheiro dos alunos restantes do SAEB?",1,0,,,,"https://www.instagram.com/p/DDhzeOYvgso/","sed***i","18100370377483842","3522322760984300328"
"https://www.instagram.com/rafael.fonteles","ozi***ome***","https://www.instagram.com/ozimagomes","2024-09-20T15:32:37.000Z","👏👏👏👏👏❤️❤️❤️🚀🚀🚀",1,0,,,,"https://www.instagram.com/p/DAFGXH4vWNr/","raf***.fo***les***","17895807084075768","3460199865999254379"
"https://www.instagram.com/y.h_candle","sol***una***","https://www.instagram.com/solyl.unave","2024-08-14T00:13:52.000Z","🇮 🇳 🇧 🇴 🇽",0,0,[],,,"https://www.instagram.com/p/C-n8s7gA7yf","y.h***ndl***","18044197912763521","3433980211228818591"
"https://www.instagram.com/teamvranckx","hem***oet***dra***","https://www.instagram.com/hemelsoetsandra","2024-08-14T19:12:40.000Z","Wanneer gaat deze waanzin stoppen 😢😢",0,0,[],,,"https://www.instagram.com/p/C-pZnkQKxHU","tea***anc***","18026899538199739","3434388860995047892"
"https://www.instagram.com/shishkina_natalia_","shi***mov***","https://www.instagram.com/shira.move","2024-08-14T02:14:46.000Z","😍 מהממים!",1,0,[],,,"https://www.instagram.com/p/C-n2Dt9N9lR","shi***ina***tal******","18042861619808287","3433950990908774737"
"https://www.instagram.com/zapl1g","bat***50","https://www.instagram.com/batzal50","2024-08-14T18:06:57.000Z","תמונות מופלאות ושיר מתאים ויפה❣️",1,0,[],,,"https://www.instagram.com/p/C-pyfIPILp6","******","18113817844363193","3434498232319785594"
"https://www.instagram.com/_mizuki_03_","sib***tha***ath***","https://www.instagram.com/sibin_thalapathy","2025-03-04T05:53:17.000Z","Happy BirthDay Sister",2,1,"[{""likes_number"":0,""reply"":""@sibin_thalapathy thankyou anna ❤️"",""reply_date"":""2025-03-05T09:48:43.000Z"",""reply_user"":""_mi***i_0***""}]",,,"https://www.instagram.com/_mizuki_03_/p/DGvnqh1yPJC/","_mi***i_0***","18382980214114900","3580254675150631490"
"https://www.instagram.com/_mizuki_03_","kit***_ab***","https://www.instagram.com/kittyy_abii","2022-04-29T16:44:36.000Z","😍😍😍😍",1,1,"[{""likes_number"":1,""reply"":""@9168.abi 🙈❤️"",""reply_date"":""2022-04-29T16:46:56.000Z"",""reply_user"":""_mi***i_0***""}]",,,"https://www.instagram.com/_mizuki_03_/p/Cc8NWTYqiWk/","_mi***i_0***","17894192567529505","2827193373329860004"
"https://www.instagram.com/geetansh.mamtani","mr_***man***","https://www.instagram.com/mr_pacman22","2025-03-20T14:44:24.000Z","Epic ❤️",0,0,,,,"https://www.instagram.com/geetansh.mamtani/reel/DHXeMNiRVGj/","gee***sh.***tan***","17877704364277166","3591472008413925795"
"https://www.instagram.com/itz_fahaam","the***sha***kol***","https://www.instagram.com/thebhushannikole","2024-06-06T15:46:55.000Z","😍😍",0,0,,,,"https://www.instagram.com/itz_fahaam/p/C735uY-RKwZ/","itz***haa***","18110813614383420","3384427521553771545"
"https://www.instagram.com/daksh_nehra_","reb***ish***335******","https://www.instagram.com/rebelrishu56335633","2025-01-11T17:26:22.000Z","Itna Sona itna achcha Munda bhi cheating kar sakta hai kya sab false❤️😍🙌😂 baten Hain yah sab",0,0,,,,"https://www.instagram.com/daksh_nehra_/reel/DCB7VZeovnD/","dak***neh***","18477139711026670","3495335741026924995"
"https://www.instagram.com/priyaditi_sindhi","1ch***cof***","https://www.instagram.com/1chai1coffee","2025-02-14T10:20:28.000Z","Why is this video 3 hr long???🥵♥️",0,0,,,,"https://www.instagram.com/priyaditi_sindhi/reel/DA_XBbHym-T/","pri***iti***ndh***","18001988450572719","3476598690264280979"
"https://www.instagram.com/uwurvashi","die***ca","https://www.instagram.com/dieshyca","2023-04-29T13:33:10.000Z","The execution is wild !!",1,0,,,,"https://www.instagram.com/uwurvashi/reel/CrkieRJvBl5/","uwu***shi***","17962145228449063","3090746857865615737"
"https://www.instagram.com/relatable_tiyasa","_._***a__***","https://www.instagram.com/_._joya__","2025-01-18T16:19:07.000Z","Eto relatable reels eikhane pawa jaay😂😂😂",1,1,"[{""likes_number"":1,""reply"":""@_._joya__ then follow me for more relatables 😂❤️"",""reply_date"":""2025-01-18T16:30:10.000Z"",""reply_user"":""rel***ble***yas***""}]",,,"https://www.instagram.com/relatable_tiyasa/reel/DEsN-HWSWXp/","rel***ble***yas***","17978922398657162","3543268449936041449"
"https://www.instagram.com/tapaasya","kas***hbo***ia_***","https://www.instagram.com/kashishbokadia_26","2024-12-04T05:24:32.000Z","🔥🔥🔥",1,0,,,,"https://www.instagram.com/tapaasya/reel/DDFSOKxTDCI/","tap***ya","18433742143078865","3514295222706909320"
"https://www.instagram.com/ananyasharmaa.0","__d***ali***av","https://www.instagram.com/__deepaliyadav","2024-09-14T16:22:51.000Z","abhse mai n bataungiiiiiiiiiiii",0,0,,,,"https://www.instagram.com/ananyasharmaa.0/reel/C_50S9nJv9S/","ana***sha***a.0***","18164781907311421","3457024190507843410"
"https://www.instagram.com/rihannhhhh","ari***kaa***","https://www.instagram.com/ariiffkaa","2024-06-08T14:09:49.000Z","Mixed song name?",0,0,,,,"https://www.instagram.com/rihannhhhh/reel/C7RJoMAyvhU/","rih***hhh***","18010653167213557","3373519939973085268"
"https://www.instagram.com/emedico.edits","ent***ias***.me******","https://www.instagram.com/enthusiastic.medico","2025-02-19T13:50:12.000Z","Yes bro",1,0,,,,"https://www.instagram.com/emedico.edits/reel/DGQVvpnpk4c/","eme***o.e***s","18078503614572053","3571450137985568284"
"https://www.instagram.com/official_snigdha_99","tar***u__***7","https://www.instagram.com/taruuuu____07","2025-01-19T07:40:05.000Z","😂😂😂😂",1,0,,,,"https://www.instagram.com/smriti_the_bong_girl/reel/DE_5ARhyOqo/","off***al_***gdh******","18347638045178852","3548805738862799528"
"https://www.instagram.com/sanjana_a01","ami***ako***442***","https://www.instagram.com/amitthakor.8442","2022-08-23T07:18:29.000Z","Nice 💖💖",1,0,,,,"https://www.instagram.com/sanjana_a01/p/CfQV9qYu7Pq/","san***a_a***","17992011937523243","2868889559011931114"
"https://www.instagram.com/bhabare_jadita","apa***ani***2","https://www.instagram.com/aparnaanil652","2025-02-20T01:05:32.000Z","❤️❤️❤️",1,0,,,,"https://www.instagram.com/bhabare_jadita/reel/DGQLEVNyXHf/","bha***e_j***ta","18058640474502326","3571403180674216415"
"https://www.instagram.com/aesthetic.matrix","me_***ney***","https://www.instagram.com/me_looney._","2024-12-03T07:34:10.000Z",,2,0,,,,"https://www.instagram.com/her_magic_edits/reel/DCnc-59Sd1b/","aes***tic***tri***","18034460432108065","3505898303072623963"
"https://www.instagram.com/manvi_sahu","the***rat***her******","https://www.instagram.com/thesamratmukherjee","2023-04-21T06:56:17.000Z","❤️❤️❤️",0,0,,,,"https://www.instagram.com/manvi_sahu/p/CrQ2R5DBmSB/","man***sah***","17902178159698264","3085204468745528449"
"https://www.instagram.com/rashi.shindee","far***499***","https://www.instagram.com/farman49918","2025-03-08T17:42:22.000Z","❤️🔥🔥🔥",0,0,,,,"https://www.instagram.com/rashi.shindee/reel/DGgUEzSS6sD/","ras***shi***e","18124708945421783","3575946395008084739"
"https://www.instagram.com/anamikaabh","_el***ian***","https://www.instagram.com/_elysiian.__","2025-03-24T11:54:52.000Z","Link please",0,0,,,,"https://www.instagram.com/anamikaabh/reel/DGpM5yVyytP/","ana***aab***","18061745987001719","3578448126543604559"
"https://www.instagram.com/anurika_das","gho***101***","https://www.instagram.com/ghosh.1010","2024-03-17T21:18:06.000Z","Saw you recently 😊",0,0,,,,"https://www.instagram.com/anurika_das/p/C4aZXsOJY8E/","anu***a_d***","18282175087167718","3322079254331887364"
"https://www.instagram.com/itssshriya","_ju***ang***ic_***","https://www.instagram.com/_justsangistic_","2023-09-03T16:51:28.000Z","❤️‍🔥❤️‍🔥❤️‍🔥",0,0,,,,"https://www.instagram.com/itssshriya/reel/Cs6AERULpGA/","its***riy***","18036660826540618","3114802385750233472"
"https://www.instagram.com/ankitaa.sarma","_sn***fla***_","https://www.instagram.com/_snowwflakkk_","2025-01-11T05:07:46.000Z","Smothyyy gurlll 🤤💋💋..",0,0,,,,"https://www.instagram.com/ankitaa.sarma/reel/DBeFv7IvAMz/","ank***a.s***a","17925744446900065","3485248445176611635"
"https://www.instagram.com/the_stylein","kri***sai***","https://www.instagram.com/krish_said","2024-10-31T16:25:43.000Z","Link",0,0,,,,"https://www.instagram.com/the_stylein/reel/DBOgPmhMOZG/","the***yle***","18041519027489641","3480861371643520582"
"https://www.instagram.com/zuscoffee.bn","rzq***r","https://www.instagram.com/rzqamzr","2025-01-22T09:16:13.000Z","Arah the mall lagi @zuscoffee.bn",3,0,,,"[""@zu***ffe***""]","https://www.instagram.com/zuscoffee.bn/p/DFHOMNpSzml/","zus***fee***","17945781338942077","3550869243141241253"
"https://www.instagram.com/_julyoneee_","dip***sal***","https://www.instagram.com/dipti.salva","2024-06-13T07:49:05.000Z","Can you help me with the link of the lip gloss?",0,0,,,,"https://www.instagram.com/_julyoneee_/reel/C45cmH1BG8a/","_ju***nee***","18030868685024470","3330819164465295130"
"https://www.instagram.com/uditamanglaa","jis***aul***","https://www.instagram.com/jissapaull","2023-09-18T10:10:28.000Z","Brooooo you look so prekin pretty 😭♥️",1,0,,,,"https://www.instagram.com/uditamanglaa/reel/CxVByVrJvdq/","udi***ang***","18014270485804319","3194467367982135146"
"https://www.instagram.com/__.snehha._","ags***riv***","https://www.instagram.com/agss.priv8","2024-09-29T14:32:25.000Z","love this😍😍😍",0,0,,,,"https://www.instagram.com/__.snehha._/reel/DAgJ6Cju3p9/","__.***hha***","18267744358223069","3467815283970505341"
"https://www.instagram.com/foxnews","som***de1***","https://www.instagram.com/somedude1","2020-03-07T17:34:01.000Z","Born lyre",0,0,[],,,"https://www.instagram.com/p/B9T_K7tn4nD","fox***s","18107760466100288","2257425666483915203"
"https://www.instagram.com/natgeo","ash***sh5***ing***","https://www.instagram.com/ashutosh587singh","2023-06-18T07:23:11.000Z","yrrhoyhhfxvj",0,0,[],,,"https://www.instagram.com/p/Cq_j7mVODqi","******","17960599787540873","3080338697379920546"
"https://www.instagram.com/aristidesrodrigo","ces***142***","https://www.instagram.com/cescar142","2025-05-08T01:35:38.000Z","Todo mi apoyo a este gallo 🐓",0,0,,,,"https://www.instagram.com/reel/DJXzVNNsOMO","ari***des***rig***","18054524570022452","3627593782539641614"
"https://www.instagram.com/yasminesquivelmx","pat***che***_","https://www.instagram.com/patsanchez25_","2025-05-07T05:42:53.000Z","Un detalle donde se aprecia el cariño de esas personas tan trabajadoras.",2,0,,,,"https://www.instagram.com/p/DJVNTTcyRsK","yas***esq***elm***","18161501602359784","3626863576075541258"
"https://www.instagram.com/letda.hyper","cri***an.***","https://www.instagram.com/cristian.wrs","2024-05-25T16:03:36.000Z","A Letda🔥",0,0,,,,"https://www.instagram.com/letda.hyper/p/C7ZbLg_hI4B/","let***hyp***","17996049938425607","3375848934286331393"
"https://www.instagram.com/aptiv","ald***mez***n","https://www.instagram.com/aldogomezquin","2022-01-20T17:23:41.000Z","🙌🏾 #AptivCaring 🧡 🌳 🌳 🌳 🌳  thank you!",1,0,,"[""#AptivCaring""]",,"https://www.instagram.com/p/CY8-Js6KMC0","******","17975271757479652","2755350417623269556"
"https://www.instagram.com/robertwickens","dra***4","https://www.instagram.com/draz714","2024-11-22T01:11:14.000Z","The hype is here 🔥 and I am here for it 🙌",1,0,,,,"https://www.instagram.com/reel/DCpWCOwvtmr","rob***wic***s","18063296089699791","3506430695197039019"
"https://www.instagram.com/boschmotorsport","dol***wa","https://www.instagram.com/doleynwa","2021-10-14T15:01:16.000Z","Welcome in Indonesia FORMULA E We are waiting for formula e in Indonesia, especially Jakarta @aniesbaswedan  @jakpro @jakarta ❤️❤️❤️ 👏👏👏👏💪💪💪",1,0,,,"[""@an***bas***an"",""@ja***o"",""@ja***ta""]","https://www.instagram.com/p/CUxfa4gtpGX","bos***oto***ort***","18178955242151997","2680061440088773015"
"https://www.instagram.com/secretsofahiringmanager","coo***cau***","https://www.instagram.com/cook4acause","Thu Sep 04 2025 14:33:55 GMT+0000 (Coordinated Universal Time)","Career star",,1,,,,"https://www.instagram.com/p/DN8XQb7AQ3X/","sec***sof***rin*********","17861128020416450","3709942477608783319_25210739"
"https://www.instagram.com/fitafashley","coa***iia***","https://www.instagram.com/coachtiiana","Sun Sep 14 2025 23:07:28 GMT+0000 (Coordinated Universal Time)","Lovely sisi🔥🔥🔥",,0,,,,"https://www.instagram.com/p/DOl_8MRAUEG","fit***shl***","18063721970055440","3721661880360583430_319668494"
"https://www.instagram.com/1and0nlyeze","dae***.od***","https://www.instagram.com/daeman.odom","Mon Jul 21 2025 01:37:25 GMT+0000 (Coordinated Universal Time)","Bro these fye af 🔥🔥 lemme hop on one",,0,,,,"https://www.instagram.com/p/DMWexalMzSr","1an***lye***","18039213542352484","3681265082613052587_50052783335"
"https://www.instagram.com/nihar.abhyankar","ros***dma***","https://www.instagram.com/rosgoldman","Fri Nov 08 2024 18:57:55 GMT+0000 (Coordinated Universal Time)","So chic",,0,,,,"https://www.instagram.com/p/DCHkFmgRquc/","nih***abh***kar***","18271987438223768","3496922350291954588_5495348528"
"https://www.instagram.com/6ix_thirteen","bla***usi***4","https://www.instagram.com/blazemusic314","Sat Mar 08 2025 19:24:33 GMT+0000 (Coordinated Universal Time)","🔥🔥🔥",,0,,,,"https://www.instagram.com/p/DF8cbyNJ1ou","6ix***irt***","18098277502519616","3565850059606546990_48633270912"
"https://www.instagram.com/bibigo.global","bil***nai***lie***","https://www.instagram.com/billionairellie","Wed Oct 01 2025 09:26:02 GMT+0000 (Coordinated Universal Time)","🔥🔥🔥🔥🔥🔥",,0,,,,"https://www.instagram.com/p/DPQsqrkEi6E/","bib***.gl***l","18095442295691040","3733680538130722436_56833038923"
"https://www.instagram.com/feyenoord","mur***ara***190***","https://www.instagram.com/muratkaragoz1907","2025-08-12T23:15:46.000Z","5-2💛💙💛💙😂😂😂🤫🤫🤫🔥🔥🔥🔥🔥🔥🔥",,0,,,,"https://www.instagram.com/p/DNQGMzZskNY","fey***ord***","18093150556634196","3697482562175910744_1403490258"
"https://www.instagram.com/feyenoord","kui***ert***","https://www.instagram.com/kuipalert","2025-08-03T12:16:17.000Z","Ome Dennis lekker gehandeld, ff doorpakken en je krijgt je beoordeling",,0,,,,"https://www.instagram.com/p/DM5HrOzM2BP","fey***ord***","17979441047852328","3691015126761300047_1403490258"
"https://www.instagram.com/psv","nic***and***am","https://www.instagram.com/nick.vandendam","2025-08-15T10:02:00.000Z","Zijn dit de 10.000 zitplekken extra ?",,1,,,,"https://www.instagram.com/reel/DNXwo-Fsczl","******","18067618730171520","3699639540587285733_312735639"
"https://www.instagram.com/azalkmaar","dan***z","https://www.instagram.com/danyoaz","2025-08-03T18:01:06.000Z","Ik sta erop!!!!",,0,,,,"https://www.instagram.com/p/DM5s5-NtNnW","aza***aar***","18084017536878565","3691178867465443798_37410033"
"https://www.instagram.com/feyenoord","pri***rij***ant******","https://www.instagram.com/prijsvrijvakanties","2025-08-12T12:02:21.000Z","Knallen vanavond, boys! 🙌🏼",,2,,,,"https://www.instagram.com/p/DNQD0jSsSV2","fey***ord***","18097958830614465","3697472099518063990_1403490258"
"https://www.instagram.com/psv","jar***dhi***rls******","https://www.instagram.com/jarrandhisgirlssss","2025-08-24T12:53:16.000Z","@esmirbajraktarevic the @psv effect",,0,,,"[""@es***baj***tar******"",""******""]","https://www.instagram.com/p/DNvP0-XWJZa","******","18041748335345540","3706250629423339098_312735639"
"https://www.instagram.com/azalkmaar","nov***iem***g","https://www.instagram.com/nova.liemburg","2025-08-28T18:21:15.000Z","Iemand die weet wat er naast het uitvak is gebeurd in vak J?",,10,,,,"https://www.instagram.com/p/DN6JLc-jFaQ","aza***aar***","18041290175372159","3709317612540024464_37410033"
"https://www.instagram.com/psv","fle***ier***","https://www.instagram.com/fleurwierts","2025-08-04T11:34:53.000Z","Guus was weer geweldig gisteren ❤️❤️",,0,,,,"https://www.instagram.com/p/DM7mNNgst6_","******","17915575014037517","3691712353188110015_312735639"
"https://www.instagram.com/psv","bar***ans***ele***","https://www.instagram.com/barryvanseccelen","2025-08-17T19:44:17.000Z","Kovar en Saibari inwisselen Olij en Til",,1,,,,"https://www.instagram.com/p/DNdi3LlMDqI","******","18351066781091961","3701267794356091528_312735639"
"https://www.instagram.com/craiggolias","vic***.va***.7","https://www.instagram.com/victor.varga.7","Fri Sep 26 2025 19:20:36 GMT+0000 (Coordinated Universal Time)","😂😂😂😂",,1,,,,"https://www.instagram.com/p/DPEykg2jzAK/","cra***oli***","18128966788462802","3730328802871422986_53457682"
"https://www.instagram.com/jadenslory","giv***o.r***","https://www.instagram.com/givairo.r","2025-08-17T11:45:54.000Z","❤️❤️",,0,,,,"https://www.instagram.com/p/DNc0fiPM0rQ","jad***lor***","17885218209349137","3701063859276303056_2304579314"
"https://www.instagram.com/afcajax","yda***23","https://www.instagram.com/ydane_23","2025-08-03T13:59:27.000Z","We missen een echte krachtpatser op t middenveld, type alvarez. Fysiek leggen we het duidelijk af en dat kan in de cl echt niet",,0,,,,"https://www.instagram.com/p/DM5TbC-Mx4m","afc***x","18288333745271198","3691066791107436070_456026676"
"https://www.instagram.com/namsatyakaur","iam***tag***e","https://www.instagram.com/iamgretagrace","Sat Sep 06 2025 18:01:46 GMT+0000 (Coordinated Universal Time)","I can’t wait for this special energetic time warp tomorrow at @studioalvapuglia 😍 so honored to have you @namsatyakaur guide us through this special time 🌕",,0,,,"[""@st***oal***ugl***"",""@na***tya***r""]","https://www.instagram.com/p/DOBfpnMDNHY/","nam***yak***","18058477073455965","3711386766948487640_2262930053"
"https://www.instagram.com/feyenoord","sad***384***","https://www.instagram.com/sadre_38485","2025-08-02T06:28:11.000Z",,,2,,,,"https://www.instagram.com/p/DM16kRgs1u5","fey***ord***","18045346463310478","3690113049101032377_1403490258"
"https://www.instagram.com/municipiogye","vic***agu***31","https://www.instagram.com/victoraguirr31","Mon Sep 08 2025 17:10:02 GMT+0000 (Coordinated Universal Time)","Mañana es el gran día que estábamos esperando de los últimos partidos de las eliminatorias del 2026",,0,,,,"https://www.instagram.com/reel/DOUm1SVjX0j","mun***pio***","17853061785536665","3716766380076137763_1427889480"
"https://www.instagram.com/kaninis4eva","ant***ida***","https://www.instagram.com/antioxidanti","Sat Aug 20 2022 17:15:25 GMT+0000 (Coordinated Universal Time)","Happy brithday!",,1,,,,"https://www.instagram.com/p/ChfG6haIGna","kan***s4e***","18060731248325431","2909074294185159130_8503775359"
"https://www.instagram.com/browndesignandco","liv***wit***ffa***","https://www.instagram.com/livingwithtiffany","Thu Apr 17 2025 21:59:53 GMT+0000 (Coordinated Universal Time)","Love it!!!",,0,,,,"https://www.instagram.com/p/DIj23K-R8yW/","bro***esi***ndc***","17906112147036610","3612972611946400918_2572454"
"https://www.instagram.com/crmssoda","par***us","https://www.instagram.com/parvasus","Thu Sep 11 2025 16:57:54 GMT+0000 (Coordinated Universal Time)","hi bianca.. thjs is so terrifying and gorgeous hello",,1,,,,"https://www.instagram.com/p/DOeCqOokh1W","crm***da","17905991892245744","3719422040278703446_48286722864"
"https://www.instagram.com/eltocadordeelena.es","arr***fam***ion***","https://www.instagram.com/arrowofambition_","Mon Dec 30 2024 19:35:23 GMT+0000 (Coordinated Universal Time)","Absolutely stunning 😍🥰",,0,,,,"https://www.instagram.com/p/DEHnnUENLXj/","elt***dor***len******","18374619868116753","3532966658114368995_2266646553"
"https://www.instagram.com/l1ck.ap0n","det***ine***mot******","https://www.instagram.com/determinethemotion_","Mon Feb 17 2025 06:05:54 GMT+0000 (Coordinated Universal Time)","#DTM🔥🔥🔥",,0,,"[""#DTM🔥🔥🔥""]",,"https://www.instagram.com/p/DF8hMJ-SyVG","l1c***p0n***","17937537809975355","3565870975847966022_32482411091"
"https://www.instagram.com/_jeanafitlife","lif***ach***a","https://www.instagram.com/lifecoach_mia","Fri Sep 19 2025 18:03:33 GMT+0000 (Coordinated Universal Time)","Yesssssss",,1,,,,"https://www.instagram.com/p/DOyvIyejuLC/","_je***fit***e","17990348228841446","3725247153930429122_5768525874"
"https://www.instagram.com/babblybrush","bab***bru***","https://www.instagram.com/babblybrush","Sun Aug 17 2025 04:47:28 GMT+0000 (Coordinated Universal Time)","All henna girlies can relate!",,0,,,,"https://www.instagram.com/p/DNcW-1MTp38","bab***bru***","18087992152747737","3700934068537302524_75673005945"
"https://www.instagram.com/fernburb","zeh***nt","https://www.instagram.com/zehement","Fri Oct 17 2025 02:28:11 GMT+0000 (Coordinated Universal Time)","I'm all for encountering anomalous cats :)",,1,,,,"https://www.instagram.com/p/DP5LhmLEcm_","fer***rb","18085948774931605","3745075252377536959_5785146630"
"https://www.instagram.com/crossing_cosmos","ms.***yst***ion***","https://www.instagram.com/ms.allystrations","Wed Oct 15 2025 21:57:41 GMT+0000 (Coordinated Universal Time)","Absolutely!!! Such a great tool!! Also love the set up!",,2,,,,"https://www.instagram.com/p/DP1yBVvkSpG","cro***ng_***mos***","18100304635727277","3744118659620088390_22249563718"
"https://www.instagram.com/sh0_sh1n","ind***art***","https://www.instagram.com/indimiart","Sat Mar 29 2025 19:27:04 GMT+0000 (Coordinated Universal Time)","OW this hurt so bad but it’s so beautifully and well drawn, just the emotions on Ahri’s face GIRL NEEDS SO MANY HUGS 😭🫶🏼💖",,1,,,,"https://www.instagram.com/p/DHyz3y8MGnP","sh0***1n","17873510613317931","3599167186862631375_39901084716"
"https://www.instagram.com/artlysas","pat***k.b***","https://www.instagram.com/patrick.bbp","Thu Oct 09 2025 09:55:37 GMT+0000 (Coordinated Universal Time)","👏",,1,,,,"https://www.instagram.com/p/DPeJMMxEZcL","art***as","18328021231227948","3737465161524549387_64670309158"
"https://www.instagram.com/afcajax","vro***ner***vis***","https://www.instagram.com/vrouweneredivisie","2025-08-24T15:23:41.000Z","❤️❤️",,0,,,,"https://www.instagram.com/p/DNvhin0WO3u","afc***x","18087247843824465","3706328533100457454_456026676"
"https://www.instagram.com/joeri_heerkens","ciu***6","https://www.instagram.com/ciuzz86","2025-09-02T15:38:33.000Z","💪🏻💪🏻",,0,,,,"https://www.instagram.com/p/DN-_FUQCKao","joe***hee***ns","18068077762951499","3710680585271289512_3579941389"
"https://www.instagram.com/tys_w0205","pon***18","https://www.instagram.com/pongo218","2025-08-07T11:19:54.000Z","わー、上田選手と並んでる日が来るなんて！",,0,,,,"https://www.instagram.com/p/DNDRI-0M5gu","tys***205***","18088568884706858","3693871503368230958_1269565294"
"https://www.instagram.com/nabi.ghani","meg***bou***rd_***","https://www.instagram.com/meghanbouchard_","Wed Oct 15 2025 22:26:27 GMT+0000 (Coordinated Universal Time)","🔥🔥🔥🔥🔥🔥",,0,,,,"https://www.instagram.com/p/DP1_M_uiVUo/","nab***han***","17929266869997951","3744176635218842920_7704610666"
"https://www.instagram.com/feyenoord","asp***0","https://www.instagram.com/aspd0_0","2025-08-02T14:49:10.000Z","Wat zijn die Kraaijeveld en Sauer ongelooflijk goed🔥🔥🔥",,0,,,,"https://www.instagram.com/p/DM20WITMgaA","fey***ord***","18039690485356461","3690367163835745920_1403490258"
"https://www.instagram.com/boscagli_28","pas***_55***","https://www.instagram.com/pascal_5502","2025-08-28T14:27:21.000Z","🔴⚪💡♥️",,0,,,,"https://www.instagram.com/p/DN5tgFAiqEs","bos***li_***","18124969006421539","3709195884610363692_521165821"
"https://www.instagram.com/psv","izi***v03***","https://www.instagram.com/izietdv036","2025-08-09T19:55:00.000Z","Wat is er met bommel jr en veerman zijn slordig hun moeten beter spelen anders word een lang seizoen",,0,,,,"https://www.instagram.com/p/DNJYn9QsKH1","******","18063761417211530","3695593268188324341_312735639"
"https://www.instagram.com/lucascezar10","gui***pes***","https://www.instagram.com/gui_lopes_14","Sat Sep 06 2025 18:45:16 GMT+0000 (Coordinated Universal Time)","Fenômeno 🔥🙌",,1,,,,"https://www.instagram.com/p/DORKZZKjm5U/","luc***eza***","18037234064478366","3715796893030051412_1350864847"
"https://www.instagram.com/eattea_art","gem***eil***y","https://www.instagram.com/gemmareillyyy","Wed Jan 08 2025 19:28:21 GMT+0000 (Coordinated Universal Time)","explodes my baddies my shayla",,1,,,,"https://www.instagram.com/p/DEk3AoVsesr","eat***_ar***","18075208267561352","3541197142891817771_29835562285"
"https://www.instagram.com/cavalier.milady","bar***a.m***","https://www.instagram.com/barbara.mei","Wed Sep 24 2025 09:44:19 GMT+0000 (Coordinated Universal Time)","Welcome to Rome, dear friend 😍😍😍",,0,,,,"https://www.instagram.com/p/DO5KlnJDG8P/","cav***er.***ady***","18067257791019762","3727056731739287311_18075645605"
"https://www.instagram.com/skie_skr428","cie***8","https://www.instagram.com/cie_428","Sat Aug 10 2024 17:07:25 GMT+0000 (Coordinated Universal Time)","watashi kawaii",,0,,,,"https://www.instagram.com/p/C-frRMHScns","ski***kr4***","18449377669059076","3431651738317867500_43835104437"
"https://www.instagram.com/iamnaturallove_","sal***k","https://www.instagram.com/salonpk","Tue Jul 08 2025 19:36:07 GMT+0000 (Coordinated Universal Time)","🥹🙏🏾 we are so hurt by this",,0,,,,"https://www.instagram.com/p/DL2l5F5xtFc","iam***ura***ve_***","17915104092158246","3672289197236343132_4258725241"
"https://www.instagram.com/stupid.cheez","rot***q","https://www.instagram.com/rotndoq","Tue Aug 12 2025 18:29:41 GMT+0000 (Coordinated Universal Time)","UGH I LOVE HER SM THANK U AGAIN U DID AMAZING ❤️❤️❤️❤️🔥🔥🔥",,0,,,,"https://www.instagram.com/p/DNQxmxbutyF","stu***.ch***","18167177794360049","3697673462768917637_47003284182"
"https://www.instagram.com/plxsmagutz","mar***ips***","https://www.instagram.com/marsclipse","Wed May 04 2022 21:02:40 GMT+0000 (Coordinated Universal Time)","FIRST",,1,,,,"https://www.instagram.com/p/CdJoWO3OdOl","plx***gut***","17858078522739148","2830971290426921893_8691120954"
"https://www.instagram.com/jessiixaa_","kin***hei***","https://www.instagram.com/kingkihei","Sun Aug 10 2025 23:12:18 GMT+0000 (Coordinated Universal Time)","Ok I see you 🔥👏",,0,,,,"https://www.instagram.com/p/DNJ321EtvH5/","jes***xaa***","18060228698063737","3695730629631472121_910448799"
"https://www.instagram.com/yoshi_sudarso","lio***art***jit*********","https://www.instagram.com/lionheartjiujitsuacademy","Wed Aug 20 2025 17:46:09 GMT+0000 (Coordinated Universal Time)","😍😍😍",,0,,,,"https://www.instagram.com/p/DNk8adhBUFx/","yos***sud***o","18078687046753304","3703350494794957169_182606951"
"https://www.instagram.com/thewilldernessfamily","cra***8fa***","https://www.instagram.com/crazyw8farm","Fri Oct 10 2025 15:03:54 GMT+0000 (Coordinated Universal Time)","It’s so beautiful!!!",,1,,,,"https://www.instagram.com/p/DPognx0DUfd/","the***lde***ssf******","18098379580658481","3740382961565779933_58194906956"
"https://www.instagram.com/c0pq2","bl4***aep***","https://www.instagram.com/bl4z3.aep","Fri Oct 17 2025 15:14:03 GMT+0000 (Coordinated Universal Time)","⁨افضل ادتور⁩",,0,,,,"https://www.instagram.com/p/DPegNoHgWBM","******","17915211615225108","3737566414681235532_70123782930"
"https://www.instagram.com/alyxianix","yue***hie***","https://www.instagram.com/yuewishies","Mon Sep 08 2025 12:46:06 GMT+0000 (Coordinated Universal Time)","The colors are just fabulous frrrr!! 💖💖🙌💕🌸🤍😳Amazing workkkk aaaa!!!",,1,,,,"https://www.instagram.com/p/DOVlgk3Ae74","aly***nix***","17911445121208098","3717042033785958136_60256493984"
"https://www.instagram.com/shelleybosworth.official","vab***sli***","https://www.instagram.com/vabyleslie","Sat Sep 27 2025 04:39:10 GMT+0000 (Coordinated Universal Time)","Sorority and its power in action 👸 love to see it!",,1,,,,"https://www.instagram.com/p/DPF0g2oCKNc/","she***ybo***rth*********","18060306995627748","3730618822441870172_2245827493"
"https://www.instagram.com/featuredhouses","ask***iso***ale******","https://www.instagram.com/askallisonrealestate","Tue Oct 14 2025 13:01:01 GMT+0000 (Coordinated Universal Time)","🔥🔥🔥",,1,,,,"https://www.instagram.com/p/DPylbpvDmIg/","fea***edh***es","17954628683880457","3743218868257972768_71933704594"
"https://www.instagram.com/reinnaruw","sky***ri","https://www.instagram.com/skysa_ri","Thu Sep 25 2025 10:24:05 GMT+0000 (Coordinated Universal Time)","TERNYATA KITA SE FL AN DI FB JUGA KA?? OMG INIMAH MYYY",,2,,,,"https://www.instagram.com/p/DO_edWSEyKK","rei***ruw***","18526215727002207","3728832974671782538_73613292698"
"https://www.instagram.com/moonings","ast***a_","https://www.instagram.com/asthmaa_","Sat Feb 18 2023 12:16:53 GMT+0000 (Coordinated Universal Time)","Nah de this so gah damn beautiful like it came straight out of anime fr🫡😔🤲✨✨✨",,0,,,,"https://www.instagram.com/p/Coy78Z_P0F3","moo***gs","17978974984858682","3040756334245921143_51171067838"
"https://www.instagram.com/kalfyaarts","uim***u00***","https://www.instagram.com/uimi_mu00","Fri Sep 26 2025 05:05:58 GMT+0000 (Coordinated Universal Time)","FIRST",,1,,,,"https://www.instagram.com/p/DPDZcEPjZu8","kal***art***","18080611988491118","3729936796256934844_36177200163"
"https://www.instagram.com/trulychel23","mik***._","https://www.instagram.com/mikaa3._","2024-10-12T17:13:26.000Z","The picture from the third slide should be moved to the first slide😤🤩🔥",2,1,"[{""likes_number"":1,""reply"":""@mikaa3._ all nice pictures thanks to you 🤣✌🏻"",""reply_date"":""2024-10-12T17:14:34.000Z"",""reply_user"":""tru***hel***""}]",,,"https://www.instagram.com/trulychel23/p/DBCCTHgSl1p/","tru***hel***","17896990644075646","3477351972104461673"
"https://www.instagram.com/toxicc_bhk","b._***a._***k._*********_t.***","https://www.instagram.com/b._l._a._c._k._.b._o._l._t._","2025-01-08T04:36:37.000Z","🙌❤️",0,0,,,,"https://www.instagram.com/toxicc_bhk/p/DEjRE61ShHn/","tox***_bh***","18352431001121303","3540748836883010023"
"https://www.instagram.com/yashii_.gupta","cap***e_b***tif*********","https://www.instagram.com/capture_beautiful_moment","2024-10-25T09:06:12.000Z","Beautiful 😍😍",0,0,,,,"https://www.instagram.com/yashii_.gupta/reel/DBOiRjQtpmL/","yas***_.g***a","18095502280480715","3480870301677820299"
"https://www.instagram.com/thenahatas","off***ima***","https://www.instagram.com/offx.himanxu","2025-02-11T08:57:20.000Z","Meri feed mein kya kar rahi hai ye reel bhayyy😭",0,0,,,,"https://www.instagram.com/thenahatas/reel/DCdnsBCJx4M/","the***ata***","18388686676109896","3503130633744883212"
"https://www.instagram.com/_pallaviprakash","rdb***t","https://www.instagram.com/rdbamit","2024-12-17T21:02:55.000Z","Sensuous ❤️",0,0,,,,"https://www.instagram.com/_pallaviprakash/p/DCI_6AuMhdV/","_pa***vip***ash***","18074466832621979","3497326174088075093"
"https://www.instagram.com/ishinstyleofficial","tri***y_b***ger***","https://www.instagram.com/tricity_blogger","2025-03-03T15:22:32.000Z","😍😍",0,0,,,,"https://www.instagram.com/ishinstyleofficial/reel/DGvTFljp1u0/","ish***tyl***fic******","17995810397762278","3580164175590546356"
"https://www.instagram.com/thekanhaiyaraj","itz***nde***_k","https://www.instagram.com/itz_sandeep__k","2024-12-22T19:13:31.000Z","I think this reel is from other planet",0,0,,,,"https://www.instagram.com/thekanhaiyaraj/reel/DDj-wizTmrU/","the***hai***aj","17864367387222156","3522935348320430804"
"https://www.instagram.com/iam_ahana.13","moh***_ma***ri_***","https://www.instagram.com/mohmad_mansuri_","2023-10-23T13:48:13.000Z","❤️",0,0,,,,"https://www.instagram.com/iam_ahana.13/p/CyvkGznRp-A/","iam***ana***","17928777368783732","3219951056004226944"
"https://www.instagram.com/sambitswaraj","abh***maa***inh***","https://www.instagram.com/abhykumaar_sinhaa","2024-05-03T08:31:10.000Z","जय भाजपा तय भाजपा",1,0,[],,,"https://www.instagram.com/p/C6dTEnAhMHd/","sam***swa***","18027294409895799","3358924776734507485"
"https://www.instagram.com/rahulgandhi","raj***_sh***an_***","https://www.instagram.com/rajesh_sheoran_48","2024-08-28T16:26:03.000Z","Rahul Gandhi ram ram😊😊😊😊",1,0,[],,,"https://www.instagram.com/p/C9JsliQySV7/","rah***and***","18049733065730819","3407450686538458491"
"https://www.instagram.com/sambitswaraj","san***sen***8","https://www.instagram.com/sanjaysen4528","2024-04-11T18:16:48.000Z","Sabse Sita Ram Hamari 🙏 🙏",0,0,[],,,"https://www.instagram.com/p/C5iJF-YhTKE/","sam***swa***","17933787995827592","3342273866461688452"
"https://www.instagram.com/narendramodi","tep***ahm***01","https://www.instagram.com/tepabrahma0101","2024-09-26T10:59:08.000Z","❤️❤️😮😮",0,0,[],,,"https://www.instagram.com/p/C6V5VGMSMMH/","nar***ram***","18055614673669065","3356841235683263239"
"https://www.instagram.com/supriyashrinate","man***kat***ya.******","https://www.instagram.com/manoj.katariya.319","2024-09-19T06:47:23.000Z","भारत बोलों ।।",0,0,[],,,"https://www.instagram.com/p/DAAmSVMy8-J/","sup***ash***ate***","18043055761970268","3458932899301805961"
"https://www.instagram.com/sambitswaraj","bia***957***","https://www.instagram.com/biaksh957","2024-03-28T06:17:49.000Z","Okay 🧑",0,0,[],,,"https://www.instagram.com/p/C4kGM50hTQq/","sam***swa***","18043030618734908","3324809699903484970"
"https://www.instagram.com/incindia","aru***yag***","https://www.instagram.com/arun_tyagiii","2024-09-17T16:32:29.000Z","Yuvao k future k sath khilvad kar rahi h ye sarkar 😢😢",1,0,[],,,"https://www.instagram.com/p/C_-a3JZyud8/","inc***ia","17983212611723831","3458319702744033148"
"https://www.instagram.com/rahulgandhi","ma.***t95***","https://www.instagram.com/ma.nnat9534","2024-06-03T08:40:30.000Z","Good 👍👍👍👍👍",0,0,[],,,"https://www.instagram.com/p/C6GpL4iyama/","rah***and***","17853417483165740","3352548109158295962"
"https://www.instagram.com/supriyashrinate","roh***s_o***cia******","https://www.instagram.com/rohitks_official93","2024-08-30T12:54:27.000Z","राहुल गांधी सर इसको जारी रखे इस बार ""Pre"" निकला है आपका अगली बार ""Main भी निकलेगा👏",0,0,[],,,"https://www.instagram.com/p/C_PcZGgBwhL/","sup***ash***ate***","18453958726033354","3445097110230730827"
"https://www.instagram.com/tlnaee","zor***rea***","https://www.instagram.com/zoriabreaux","Sat Sep 13 2025 12:29:22 GMT+0000 (Coordinated Universal Time)","😍😍😍😍",,0,,,,"https://www.instagram.com/p/DOitog1DU-J/","******","18057943937425560","3720736938283323273_1401836062"
"https://www.instagram.com/_carllep","pau***sab***","https://www.instagram.com/pauly_sab","Tue Jul 29 2025 13:51:01 GMT+0000 (Coordinated Universal Time)","Congrats boys 👏🔥",,2,,,,"https://www.instagram.com/p/DMsZ6c6R8pn/","_ca***ep","18067075465930913","3687436162844576359_58628238580"
"https://www.instagram.com/brittbourque.xx","rak***kin***le","https://www.instagram.com/rakowskinicole","Thu May 29 2025 01:18:53 GMT+0000 (Coordinated Universal Time)","Beautiful!",,1,,,,"https://www.instagram.com/p/DKNNAckOWpB/","bri***our***.xx***","18087148393652482","3642624878889757249_274450239"
"https://www.instagram.com/flintpublicart","pho***rap***rtl***","https://www.instagram.com/photographyartl","Wed Sep 17 2025 01:47:25 GMT+0000 (Coordinated Universal Time)","🔥🔥🔥",,0,,,,"https://www.instagram.com/p/DOnxnsPk3op/","fli***ubl***rt","18070978483929953","3722161848889604649_1415146208"
"https://www.instagram.com/kanika_gheshta_05","tha***yal***1","https://www.instagram.com/thapliyal2301","2025-05-14T18:10:42.000Z","❤️❤️❤️",,0,,,,"https://www.instagram.com/kanika_gheshta_05/p/Cz_QGC0h2yH","kan***_gh***ta_***","17848572012440009","3242381040819858567_36162160556"
"https://www.instagram.com/renji.archive_","as.***wib***.on***","https://www.instagram.com/as.fslwibowo.ony","Mon Jul 31 2023 02:34:45 GMT+0000 (Coordinated Universal Time)","Pengaret.hbd bang negro",,5,,,,"https://www.instagram.com/p/CvV0LMPPrQ8","ren***arc***e_","18231039793169599","3158660181143761980_41319827843"
"https://www.instagram.com/reiidx_","nus***b","https://www.instagram.com/nusa_cb","Mon Mar 24 2025 08:26:11 GMT+0000 (Coordinated Universal Time)","#darufotograferhandal 🔥🔥🔥",,1,,"[""#darufotograferhandal""]",,"https://www.instagram.com/p/DHkggFbzmyt","rei***_","18088395160582234","3595141344895331501_19594131457"
"https://www.instagram.com/crazy_bhukad","sus***ara***","https://www.instagram.com/susmitarani","2023-12-04T04:36:57.000Z","🔥🔥",1,1,"[{""likes_number"":0,""reply"":""@susmitarani 😇🤗"",""reply_date"":""2023-12-04T04:47:50.000Z"",""reply_user"":""cra***bhu***""}]",,,"https://www.instagram.com/crazy_bhukad/reel/C0YjPTbREnf/","cra***bhu***","18012622411893259","3249502114426407391"
"https://www.instagram.com/techzwar","_mr***int***k2","https://www.instagram.com/_mr.chintu_2k2","2025-03-05T16:29:10.000Z","Link",0,1,"[{""likes_number"":0,""reply"":""@_mr.chintu_2k2 Please Check DM"",""reply_date"":""2025-03-05T16:29:16.000Z"",""reply_user"":""tec***ar""}]",,,"https://www.instagram.com/techzwar/reel/DGs-KpNIIBn/","tec***ar","18068576494872202","3579509214174806119"
"https://www.instagram.com/villain_abhayrana111","yas***hai***_","https://www.instagram.com/yash_bhai_02_","2025-02-14T04:59:16.000Z","❤️❤️❤️❤️",1,0,,,,"https://www.instagram.com/villain_abhayrana111/reel/DGClhhhSer0/","vil***n_a***yra******","17962542656852718","3567578886286469876"
"https://www.instagram.com/youtuber_abhishek_saini","_mr***ini***","https://www.instagram.com/_mr_saini_79","2025-01-21T13:24:29.000Z","❤️❤️❤️❤️❤️❤️",1,0,,,,"https://www.instagram.com/villain_abhayrana111/reel/DFCYTlpthD5/","you***er_***ish*********","17893917678120305","3549506355535941881"
"https://www.instagram.com/christina_tittu","ron***pat***k","https://www.instagram.com/ronithpatnaik","2025-02-22T17:04:24.000Z","😍😍😍😍",0,0,,,,"https://www.instagram.com/christina_tittu/p/DF2fc3STSXZ/","chr***ina***ttu***","18394636948099795","3564174478060365273"
"https://www.instagram.com/lituu_2","ari***m_b***sth***","https://www.instagram.com/arindam_basistha","2024-12-03T10:29:56.000Z","Tmi bule Korean pookie?",1,1,"[{""likes_number"":1,""reply"":""@arindam_basistha axomiya pookie moiiii😭💝"",""reply_date"":""2024-12-03T16:23:16.000Z"",""reply_user"":""lit***2""}]",,,"https://www.instagram.com/lituu_2/p/DDFFIPoSyjH/","lit***2","18097526389486930","3514237641003051207"
"https://www.instagram.com/hatayagelin","non***hum***","https://www.instagram.com/noneedhuman","2024-08-01T15:04:37.000Z","Bravo israil 👏😍",0,0,[],,,"https://www.instagram.com/p/C-F3d1ksR4l","hat***gel***","18325663060178013","3424387034631970341"
"https://www.instagram.com/ahamadsadaqa","um_***amm***998***","https://www.instagram.com/um_mohammad89989","2024-08-02T15:41:13.000Z","اللهم أطعمه من ثمار الجنة",0,0,[],,,"https://www.instagram.com/p/C-GsYwEIgLb","aha***sad***","17925752210923642","3424619781584716507"
"https://www.instagram.com/xwatermelonnnx","gib***die***","https://www.instagram.com/gibfoodie23","2024-08-01T14:01:37.000Z","What did you accomplish?",0,1,[],,,"https://www.instagram.com/p/C-F88lYKDcI","xwa***mel***nx","18177061048306569","3424411137778136840"
"https://www.instagram.com/newsmediatt.uncutt","udk***m_","https://www.instagram.com/udk_him_","2024-08-01T04:41:53.000Z","Dem hadda feed him for d rest of dis month and good things to cos nahhh",1,0,[],,,"https://www.instagram.com/p/C-HAVPXMWII","new***dia***unc******","18047559166845762","3424707501242802696"
"https://www.instagram.com/menshealthmx","luc***ldi***","https://www.instagram.com/lucibaldin","Thu Aug 21 2025 08:46:16 GMT+0000 (Coordinated Universal Time)","😍😍😍",,0,,,,"https://www.instagram.com/p/DNmXn9nMeuf/","men***alt***","17972091215771953","3703751644843994015_1477560321"
"https://www.instagram.com/marianacovian","adr***a.e***noz*********","https://www.instagram.com/adriana.espinoza.9461","Wed Oct 08 2025 04:57:39 GMT+0000 (Coordinated Universal Time)","Muy buena rutina!!❤️❤️",,0,,,,"https://www.instagram.com/p/DPW053ZjmwK/","mar***aco***n","18090145363891672","3735405615863720970_25994513"
"https://www.instagram.com/cleomigadon","nes***___***","https://www.instagram.com/nescio____","Tue Oct 07 2025 17:18:55 GMT+0000 (Coordinated Universal Time)","It looks amazing ! I can't imagine the amount of work and dedication you put into this 🫶🏻🖤",,1,,,,"https://www.instagram.com/p/DPg-crxiHhQ","cle***gad***","17968523447796724","3738262340748474448_6012737776"
"https://www.instagram.com/melycantu","mic***lec***","https://www.instagram.com/michellecg","Mon Aug 19 2024 23:16:51 GMT+0000 (Coordinated Universal Time)","ame conocerte y toda tu sabiduria!!! ❤️‍🔥❤️‍🔥❤️‍🔥",,1,,,,"https://www.instagram.com/p/C-3m2ngvsHU/","mel***ntu***","18069512431515873","3438387719565132244_35203705"
"https://www.instagram.com/galaortin","sve***bor***rs","https://www.instagram.com/svenjaborchers","Wed Oct 08 2025 15:02:59 GMT+0000 (Coordinated Universal Time)","So gorgeous! Love this stretch Gala 😍❤️",,1,,,,"https://www.instagram.com/p/DPjWg64kdXc/","gal***tin***","18110709901559929","3738931134920250844_182982135"
"https://www.instagram.com/orie_wellness","viv***ous***sh","https://www.instagram.com/vivacious_wish","Thu Sep 04 2025 17:06:28 GMT+0000 (Coordinated Universal Time)","Wow!! This is so awesome dear ❤️😍",,0,,,,"https://www.instagram.com/p/DOI4nGqEa_r/","ori***ell***s","18091357360775934","3713466870579441643_15078115"
"https://www.instagram.com/thekaliforniagirl","bil***ray***","https://www.instagram.com/billy.ray.i5","Thu Oct 12 2023 21:45:25 GMT+0000 (Coordinated Universal Time)","Love my little family❤️❤️",,1,,,,"https://www.instagram.com/p/CyPx9ocu5Rx","the***ifo***agi***","18266406091082251","3211004798937306225_179964036"
"https://www.instagram.com/bsmithbeats","pap***ack***vin***","https://www.instagram.com/papablack_davinci","Tue Mar 25 2025 03:17:20 GMT+0000 (Coordinated Universal Time)","🤞🏾",,0,,,,"https://www.instagram.com/p/DHmSV33yKUe","bsm***bea***","18121248385431520","3595642020439827742_6095264620"
"https://www.instagram.com/cristiangonzalezylabohemia","hey***met***orm******","https://www.instagram.com/heyitsmetaylormarie","Sun Aug 03 2025 07:41:16 GMT+0000 (Coordinated Universal Time)","Nice picture 😍",,0,,,,"https://www.instagram.com/p/DMz42PktuIa/","cri***ang***ale*********ia","17976706697899427","3689542537925026330_4464571729"
"https://www.instagram.com/kd.fit1","arr***rye***","https://www.instagram.com/arricfrye","Sat Oct 18 2025 13:54:09 GMT+0000 (Coordinated Universal Time)","🔥",,0,,,,"https://www.instagram.com/p/DP84yB8DQAx/","kd.***1","17876024310425214","3746118718725095473_64168116400"
"https://www.instagram.com/gyeturismo","shi***yan***lak*********","https://www.instagram.com/shirleyanarelakelmitt","Fri Sep 19 2025 03:10:38 GMT+0000 (Coordinated Universal Time)","👏👏",,0,,,,"https://www.instagram.com/p/DOuQIWVjIRm","gye***ism***","18305620267218668","3723984884365821030_908700413"
"https://www.instagram.com/simply.dracooo","spl***idf***","https://www.instagram.com/splendidfire","Wed Sep 24 2025 04:53:28 GMT+0000 (Coordinated Universal Time)","Her eyes 🥹🥹 she fits so perfectly with her color palette",,3,,,,"https://www.instagram.com/p/DO-Ju96DJm1","sim***.dr***oo","18048899171645845","3728460351496034741_49983566421"
"https://www.instagram.com/hitowoo","ayo***aga***","https://www.instagram.com/ayonotagain","Wed Oct 15 2025 18:12:39 GMT+0000 (Coordinated Universal Time)","CUTEEEEE OMGGGGGGG",,0,,,,"https://www.instagram.com/p/DP1gLHrE5c0","hit***o","17945348319060682","3744040166869931828_64336029833"
"https://www.instagram.com/leeniight","shi***hoc***","https://www.instagram.com/shinichoco","Thu Aug 14 2025 14:14:09 GMT+0000 (Coordinated Universal Time)","CHEENY ARTTTT",,1,,,,"https://www.instagram.com/p/DNVnayssnXR","lee***ght***","18171641773358502","3699036033912042961_1662118048"
"https://www.instagram.com/leeniight","dev***zon***","https://www.instagram.com/devil_zone79","Tue Aug 26 2025 17:50:42 GMT+0000 (Coordinated Universal Time)","The queen posted again!🗿😈🔥💖✨️",,1,,,,"https://www.instagram.com/p/DN064gBWE4i","lee***ght***","17867094651437147","3707847362603404834_1662118048"
"https://www.instagram.com/surarux_","ace***des***","https://www.instagram.com/acespades07","Mon Jan 16 2023 10:46:51 GMT+0000 (Coordinated Universal Time)","Happy birthday su!🎉✨✨✨✨",,0,,,,"https://www.instagram.com/p/Cnc2btCSkXR","sur***x_","17965168775284758","3016525248725665233_12978330768"
"https://www.instagram.com/kiaraajadeee","jas***pen***3","https://www.instagram.com/jasonspence63","Wed Oct 01 2025 11:35:01 GMT+0000 (Coordinated Universal Time)","❤️gorgeous 🔥👏",,0,,,,"https://www.instagram.com/p/C0GdA4dLCKh","kia***jad***","18533134714054092","3244408185534816929_1450182530"
"https://www.instagram.com/avkiraa","mum***dtz***","https://www.instagram.com/muma.edtz","Sun Mar 03 2024 12:23:28 GMT+0000 (Coordinated Universal Time)","🔥🔥",,0,,,,"https://www.instagram.com/p/C4C6lBiSLg6","avk***a","17934966212706602","3315469906665322554_10221026305"
"https://www.instagram.com/yom_aep","khy***_","https://www.instagram.com/khyll__","Fri May 10 2024 02:40:43 GMT+0000 (Coordinated Universal Time)","BRIOTHER",,0,,,,"https://www.instagram.com/p/C6xYLhsL9Za","yom***p","18042970018783210","3364576741827794522_1482243246"
"https://www.instagram.com/wasvnki","bre***x","https://www.instagram.com/breanvx","Mon Sep 15 2025 10:21:54 GMT+0000 (Coordinated Universal Time)","كل عم ونت بخر",,1,,,,"https://www.instagram.com/p/DOnoT5PiuRT","was***i","17999852729810970","3722120906039551059_3107129224"
"https://www.instagram.com/samchann_","kiw***e","https://www.instagram.com/kiwizae","Wed Feb 28 2024 23:49:55 GMT+0000 (Coordinated Universal Time)","PRETTTYYY",,1,,,,"https://www.instagram.com/p/C341SXvPbG4","sam***nn_***","18056470594539433","3312631884835303864_12969194912"
"https://www.instagram.com/hadassah_jo","mc_***01","https://www.instagram.com/mc_jj001","Sun Aug 24 2025 16:14:34 GMT+0000 (Coordinated Universal Time)","❤️❤️❤️❤️",,0,,,,"https://www.instagram.com/p/DNveTYHWBOc/","had***ah_***","17881201002376323","3706314291307615132_6794913262"
"https://www.instagram.com/meta","a_r***_40***","https://www.instagram.com/a_r_sk_400k","Sun Sep 21 2025 02:03:25 GMT+0000 (Coordinated Universal Time)","#a_r_sk_400k",,2,,"[""#a_r_sk_400k""]",,"https://www.instagram.com/p/DO2MaUrFCi_","******","18531003985003265","3726220327157770431_28247116907"
"https://www.instagram.com/kenvastrachan","anj***eee***","https://www.instagram.com/anjuhleee","Thu Jul 18 2024 01:54:54 GMT+0000 (Coordinated Universal Time)","Can’t wait!🥳🙌🏽👏🏽👏🏽 Congratulations Fam!❤️❤️❤️",,0,,,,"https://www.instagram.com/p/C9hpJqxuXKB/","ken***tra***n","18315628114153858","3414190976837186177_279552394"
"https://www.instagram.com/kamil_sasko","mar***_ad***jur***","https://www.instagram.com/martin_adamojurka","Thu Oct 09 2025 07:55:22 GMT+0000 (Coordinated Universal Time)","✅️✅️✅️✅️✅️✅️✅️✅️✅️✅️",,0,,,,"https://www.instagram.com/p/DPlK4jejJqm","kam***sas***","18081094985511069","3739442932450368166_12499823222"
"https://www.instagram.com/itsindiarae","bah***nci***","https://www.instagram.com/bahr_ancis","Wed Sep 24 2025 22:06:03 GMT+0000 (Coordinated Universal Time)","😍😍",,1,,,,"https://www.instagram.com/p/DO_YK41kSkZ/","its***iar***","17963146349973409","3728805317825341721_535775491"
"https://www.instagram.com/paulaayotte","chr***oph***eem***","https://www.instagram.com/christopherleemd","Tue Apr 29 2025 04:17:35 GMT+0000 (Coordinated Universal Time)","Congratulations!! All of your hard work, commitment and dedication to the rehab - just incredible!!! 💪💪💪",,1,,,,"https://www.instagram.com/p/DJA9E48xiEu/","pau***yot***","18046088669616313","3621162717270122798_3910241391"
"https://www.instagram.com/sarah_lifestylerx","aro***9","https://www.instagram.com/arobs09","Fri Sep 19 2025 21:23:28 GMT+0000 (Coordinated Universal Time)","Beast mode!!! 👏",,1,,,,"https://www.instagram.com/p/DOy95cyknLQ/","sar***lif***yle***","18078875770812063","3725312070549402320_4011443810"
"https://www.instagram.com/lovernicolem","the***itz***rie***","https://www.instagram.com/thejanitzamarie","Thu Jul 30 2020 01:25:33 GMT+0000 (Coordinated Universal Time)","One of my favorite quotes! You look great too",,0,,,,"https://www.instagram.com/p/CDM1Cgll7CU/","lov***ico***","18110368021147951","2363497173357146260_5728680894"
"https://www.instagram.com/unearthlanguage","des***mub***","https://www.instagram.com/designmubz","Wed Jul 09 2025 12:25:57 GMT+0000 (Coordinated Universal Time)","😍👏",,0,,,,"https://www.instagram.com/p/DLmmsq3SkqB/","une***hla***age***","17919478050099672","3667789141989018241_68747911356"
"https://www.instagram.com/drmohanyadav51","act***ani***ati*********ani***","https://www.instagram.com/actreranilbhati7862beinganil","Thu Oct 09 2025 05:40:23 GMT+0000 (Coordinated Universal Time)","Jay shree Krishna sir 👏👏👏👏👏❤️❤️❤️",,0,,,,"https://www.instagram.com/reel/DPk4MABkQx4","drm***nya***51","17945711783915925","3739360705888980088_5622291377"
"https://www.instagram.com/lanadelreybr","its***gan***","https://www.instagram.com/its_logan_","Sat Jul 08 2023 19:29:03 GMT+0000 (Coordinated Universal Time)","SHE’S BACK !!!!",,0,,,,"https://www.instagram.com/p/CtUqPugu3I4/","lan***lre***","18227661211227450","3122306240361493048_44713544033"
"https://www.instagram.com/stephanieannewilson","gar***ero***r","https://www.instagram.com/gary_teroller","Thu Aug 28 2025 09:27:49 GMT+0000 (Coordinated Universal Time)","Planning creates so much power",,1,,,,"https://www.instagram.com/p/DN20yEoWP5w/","ste***nie***ewi******","17967592802794861","3708383482550484592_45470289446"
"https://www.instagram.com/wwakhra","kun***sha***627***","https://www.instagram.com/kundansharma6272","2024-08-09T07:55:44.000Z","Nice look",0,0,,,,"https://www.instagram.com/wwakhra/p/C-cLjUCy0kc/","wwa***a","18194522281295458","3430667821364496668"
"https://www.instagram.com/katyperry","ann***tjo***","https://www.instagram.com/annikatjorg","2025-02-28T08:45:35.000Z","🤢🤢🤢",0,0,,,,"https://www.instagram.com/katyperry/reel/DFX4kgYJCK1/","kat***rry***","18060035368969120","3555559230102839989"
"https://www.instagram.com/cricketer_frenzy","ran***r__***","https://www.instagram.com/rangdar__307","2024-11-27T13:45:03.000Z","😂😂",0,0,,,,"https://www.instagram.com/cricketer_frenzy/reel/DCYam_Jv5PO/","cri***ter***enz***","18013433213449897","3501665738639250382"
"https://www.instagram.com/mynewdru","doc***wit***ag","https://www.instagram.com/doctorwithswag","2025-02-26T09:39:35.000Z","This is amazing 😍",0,1,"[{""likes_number"":0,""reply"":""Message sent ✅️ check it out."",""reply_date"":""2025-02-26T09:39:42.000Z"",""reply_user"":""myn***ru""}]",,,"https://www.instagram.com/pooja_goel227/reel/DGfKEVDMgLD/","myn***ru","18117145537448895","3575620907100668611"
"https://www.instagram.com/stylewith_sagarr","nit***ing***sod******","https://www.instagram.com/nitinsinghsisodiya_","2025-02-07T15:16:40.000Z","🔥",1,1,"[{""likes_number"":0,""reply"":""@nitinsinghsisodiya_ ❤❤"",""reply_date"":""2025-02-07T16:30:29.000Z"",""reply_user"":""sty***ith***gar***""}]",,,"https://www.instagram.com/stylewith_sagarr/p/DFwja3HSflQ/","sty***ith***gar***","17939367668844434","3562503082762434896"
"https://www.instagram.com/love_sanjay.2025","mr_***jay***ush*********","https://www.instagram.com/mr_sanjay__kushwaha__55","2025-02-03T02:27:49.000Z","Hii❤️❤️",1,0,,,,"https://www.instagram.com/love_sanjay.2025/p/DFl_9_pySim/","lov***anj***202***","18116334889439678","3559532417671309478"
"https://www.instagram.com/mr_sanjay__kushwaha__55","lov***anj***202***","https://www.instagram.com/love_sanjay.2025","2024-11-03T01:05:19.000Z","😍😍❤️",1,0,,,,"https://www.instagram.com/mr_sanjay__kushwaha__55/reel/DB3_wTPP4Oa/","mr_***jay***ush*********","17956474430834228","3492540432171107226"
"https://www.instagram.com/this_is_nashru","kai***h.c***dha******","https://www.instagram.com/kailash.choudhary_23","2017-07-26T08:13:48.000Z","nyc looks bhi",0,0,,,,"https://www.instagram.com/this_is_nashru/p/BW4TeDCDhOO/","thi***s_n***ru","17868004018131937","1565086498234962830"
"https://www.instagram.com/mirakimar","joh***son***iss***","https://www.instagram.com/johanssonjaniss","Mon Apr 07 2025 14:51:49 GMT+0000 (Coordinated Universal Time)","önskar mig dina muskler i födelsedagspresent 🤑😋",,2,,,,"https://www.instagram.com/p/DIIBRcwiO4q","mir***mar***","17876763567200600","3605137098866748970_217935859"
"https://www.instagram.com/coach___adam","tan***yar***s","https://www.instagram.com/tanea_yaramos","Sun Oct 05 2025 08:28:37 GMT+0000 (Coordinated Universal Time)","The vibe comes off outstanding ✨ So much talent here 🔥",,0,,,,"https://www.instagram.com/p/DO7Z9XNEdJ9/","coa***__a***","18037823801702040","3727687284545409661_21378669776"
"https://www.instagram.com/furinayay","inl***i","https://www.instagram.com/inluvji","Thu Mar 06 2025 08:03:42 GMT+0000 (Coordinated Universal Time)","I WANNA MAKE YOU THE HAPPIEST GIRL EVER ML",,0,,,,"https://www.instagram.com/p/DG122pMI0Hy","fur***yay***","18182482111311682","3582010328233492978_66641818968"
"https://www.instagram.com/kirana.assyaw","wia***iiu***","https://www.instagram.com/wiathiiiu","Wed Jul 02 2025 08:53:01 GMT+0000 (Coordinated Universal Time)","OMG SO PRETTY 😻😻😻 MY BIASSSS😝😝😝",,0,,,,"https://www.instagram.com/p/DLmQZWzT9NL","kir***.as***w","18087093004736079","3667691057754133323_55710708681"
"https://www.instagram.com/itztebart","******","https://www.instagram.com/m_ura3","Sat Sep 20 2025 15:00:23 GMT+0000 (Coordinated Universal Time)",,,0,,,,"https://www.instagram.com/p/DOybbBoDIc7","itz***art***","18138074866440486","3725160446216144699_76340941073"
"https://www.instagram.com/ministerstvo_zdravotnictva_sr","skl***nym***","https://www.instagram.com/sklamanymuz","2024-10-30T14:34:58.000Z","Konečne 👏",2,0,,,,"https://www.instagram.com/p/DBwGZxIiOE2","min***ers***_zd*********va_***","18125378269389890","3490317870234657078"
"https://www.instagram.com/_radhikasehgal__","div***_gi***77","https://www.instagram.com/divine_girl_77","2025-01-08T11:52:00.000Z","💕💕💕",0,0,,,,"https://www.instagram.com/_radhikasehgal__/p/DEb5_w1TRjT/","_ra***kas***al_***","17989806050777595","3538677002641676499"
"https://www.instagram.com/joellemardinian","sih***azz***","https://www.instagram.com/sihambazza","2025-06-05T17:01:11.000Z","❤️❤️❤️",0,0,,,,"https://www.instagram.com/joellemardinian/reel/DKfLEEDzSBP/","joe***mar***ian***","18065999966089045","3647682880941662287"
"https://www.instagram.com/patty_gambini","maf***968***","https://www.instagram.com/mafi_1968","2023-06-18T07:12:49.000Z","😶",0,0,,,,"https://www.instagram.com/p/CtmsEmmImmu/","pat***gam***i","18285164959189194","3127380821621762478"
"https://www.instagram.com/beyond_the_vape24","_lo***s.l***","https://www.instagram.com/_louiss.le_","2024-04-25T17:38:18.000Z","😣 so scaryyy",0,0,,,,"https://www.instagram.com/p/C6MFquMyMeq/","bey***_th***ape***","17960323979744125","3354080748541364138"
"https://www.instagram.com/ab_lung","ab_***g","https://www.instagram.com/ab_lung","2023-01-02T16:33:18.000Z","#Albertalung
#Lungdisease
#Lunghealth
#Respiratoryhealth
#Respiratory
#Healthyair
#Airpollution
#Asthma
#Kidswithasthma
#Asthmaawareness
#COPD
#COPDwareness
#Cysticfibrosis
#Pneumonia
#Lungcancer
#Bronchitis
#RSV
#Sleepapnea
#Quitsmoking
#Stopsmoking
#Stopvaping
#Quitvaping
#Radon
#Cleanair
#breathingspace
#Lungtransplant
#unsunglung
#abwalktobreathe
#respiratorydisease",0,0,,"[""#Albertalung"",""#Lungdisease"",""#Lunghealth"",""#Respiratoryhealth"",""#Respiratory"",""#Healthyair"",""#Airpollution"",""#Asthma"",""#Kidswithasthma"",""#Asthmaawareness"",""#COPD"",""#COPDwareness"",""#Cysticfibrosis"",""#Pneumonia"",""#Lungcancer"",""#Bronchitis"",""#RSV"",""#Sleepapnea"",""#Quitsmoking"",""#Stopsmoking"",""#Stopvaping"",""#Quitvaping"",""#Radon"",""#Cleanair"",""#breathingspace"",""#Lungtransplant"",""#unsunglung"",""#abwalktobreathe"",""#respiratorydisease""]",,"https://www.instagram.com/p/Cm62xuNsZ2-/","ab_***g","17979887128861603","3006956612611055038"
"https://www.instagram.com/matchstick23","les***tto***","https://www.instagram.com/lestrottoirs","2019-03-03T11:22:03.000Z","👍🏻❤️👍🏻",0,0,,,,"https://www.instagram.com/p/Bug4mYzhUUW/","mat***tic***","17883845935307100","1990839963876672790"
"https://www.instagram.com/k.atar.ina","joh***mat***","https://www.instagram.com/johndematte","2023-05-14T22:28:38.000Z","Swag",1,0,,,,"https://www.instagram.com/p/CsO5FsUJHvm/","k.a***.in***","17976803327224545","3102668273135942630"
"https://www.instagram.com/nicole_vapesalot","jos***ts","https://www.instagram.com/joshc_ts","2016-04-10T05:41:58.000Z","@nicole_vapesalot and that's why I love this community!  Much love 😎💨💨🙌",0,0,,,"[""@ni***e_v***sal***""]","https://www.instagram.com/p/BEAVimosytp/","nic***_va***alo***","17846535346084525","1225073835568737129"
"https://www.instagram.com/nosmokersassociation","has***a_s***a","https://www.instagram.com/hasmina_sioja","2020-01-01T17:40:14.000Z","Love this logo bro ❤️",0,0,,,,"https://www.instagram.com/p/B34BtAChEEV/","nos***ers***oci******","17930747830342278","2159483511789338901"
"https://www.instagram.com/smokefreemarionco","smo***ree***ion***","https://www.instagram.com/smokefreemarionco","2021-07-15T23:00:41.000Z","•
•
•
•
•
#MarionCounty #MarionCountyKY #LebanonKY #RaywickKY #LorettoKY #BradfordsvilleKY #SaintMaryKY #HealthyKy #SmokeFreeTomorrow #SmokeFreeMarion #SmokeFreeKy #smokefree4life #smokefreegen #smokefreewomen #smokefreecampus #smokefreehome #smokefreecity #smokefreeagents #smokefree2021 #smokefree_ #smokefreegeneration #smokefreejourney #smokefreelife #smokefreelifestyle #postoftheday #vapefree #novaping #nosmoking",0,0,,"[""#MarionCounty"",""#MarionCountyKY"",""#LebanonKY"",""#RaywickKY"",""#LorettoKY"",""#BradfordsvilleKY"",""#SaintMaryKY"",""#HealthyKy"",""#SmokeFreeTomorrow"",""#SmokeFreeMarion"",""#SmokeFreeKy"",""#smokefree4life"",""#smokefreegen"",""#smokefreewomen"",""#smokefreecampus"",""#smokefreehome"",""#smokefreecity"",""#smokefreeagents"",""#smokefree2021"",""#smokefree_"",""#smokefreegeneration"",""#smokefreejourney"",""#smokefreelife"",""#smokefreelifestyle"",""#postoftheday"",""#vapefree"",""#novaping"",""#nosmoking""]",,"https://www.instagram.com/p/CQ_d8mZLK4O/","smo***ree***ion***","17911022287907729","2611938016640151054"
"https://www.instagram.com/cosmic.shanti","gin***ris***no","https://www.instagram.com/ginachristiano","2020-02-09T00:41:28.000Z","Me too. I want to help",2,1,"[{""likes_number"":1,""reply"":""@ginachristiano yes, let’s do it 🤗"",""reply_date"":""2020-02-09T00:58:46.000Z"",""reply_user"":""cos***.sh***i""}]",,,"https://www.instagram.com/p/B8UjdILB5i3/","cos***.sh***i","17864924056637681","2239570847977674935"
"https://www.instagram.com/rye.instead.man","_em***pet***rew***","https://www.instagram.com/_emilypettigrew_","2020-05-12T18:03:45.000Z","Don’t leave your paintings all over the yard Ryan",2,0,,,,"https://www.instagram.com/p/CAGMDgGlQgf/","rye***ste***man***","17858287921933243","2307584876260689951"
"https://www.instagram.com/tirefryer209","miz***rin***e","https://www.instagram.com/mizzztrindade","2017-03-29T04:05:55.000Z","@358_mustang No way, What's wrong with your prunetucky mobile. C14 ain't cheap..",0,0,,,"[""@35***ust***""]","https://www.instagram.com/p/BSNIlkvBf9c/","tir***yer***","17852222011180744","1480877618911117148"
"https://www.instagram.com/marks.memehouse.v5","fri***iss***","https://www.instagram.com/fricknissan","2020-04-04T06:53:35.000Z","Fuck",3,2,"[{""likes_number"":1,""reply"":""@itsoksquidward that’s a problem"",""reply_date"":""2020-04-04T15:50:13.000Z"",""reply_user"":""mar***mem***use******""},{""likes_number"":1,""reply"":""@marks.memehouse.v5 he might give me ravioli afterwards?"",""reply_date"":""2020-04-04T19:48:33.000Z"",""reply_user"":""fri***iss***""}]",,,"https://www.instagram.com/p/B-idLT1l8sM/","mar***mem***use******","18137354965021419","2279512681966193420"
"https://www.instagram.com/marks.memehouse.v5","ban***reg***iro***","https://www.instagram.com/banastregridiron","2019-12-19T03:36:36.000Z","Bruh",1,0,,,,"https://www.instagram.com/p/B6O6dSwlIkK/","mar***mem***use******","17870286430528763","2201954367535614218"
"https://www.instagram.com/marks.memehouse.v5","wol***ada***3","https://www.instagram.com/wolfieadams13","2019-03-04T15:50:18.000Z","@4l3x__m33",1,1,"[{""likes_number"":0,""reply"":""@wolfieadams13 thanks for sharing man"",""reply_date"":""2019-03-04T23:59:53.000Z"",""reply_user"":""mar***mem***use******""}]",,"[""@4l***_m3***""]","https://www.instagram.com/p/BuhubQ1FxPh/","mar***mem***use******","17876638324308578","1991076693910426593"
"https://www.instagram.com/a_gray","cd_***n32***","https://www.instagram.com/cd_mrtn32","2019-10-24T23:38:15.000Z","💪",0,0,,,,"https://www.instagram.com/p/B38NgKcDJey/","******","18077988043092097","2160661306066900914"
"https://www.instagram.com/partnershipcarsoncity","par***rsh***ars*********","https://www.instagram.com/partnershipcarsoncity","2021-01-06T00:02:04.000Z","#PAVE #Vaping #Vape #ECigs #ECigarettes #Youth #Tobacco #Vapor #WaterVapor #VapingDevices #YouthVaping #Partnership #Cigarettes #QuitVaping #QuitNow
#BodyRecovery",0,0,,"[""#PAVE"",""#Vaping"",""#Vape"",""#ECigs"",""#ECigarettes"",""#Youth"",""#Tobacco"",""#Vapor"",""#WaterVapor"",""#VapingDevices"",""#YouthVaping"",""#Partnership"",""#Cigarettes"",""#QuitVaping"",""#QuitNow"",""#BodyRecovery""]",,"https://www.instagram.com/p/CJrsEwznMtp/","par***rsh***ars*********","17888077078874440","2480269861127506793"
"https://www.instagram.com/cats_standaz","cat***tan***","https://www.instagram.com/cats_standaz","2020-11-19T16:46:09.000Z","#quitnicotine #quittobacco #quitvaping #greatamericansmokeout #gaso2020",0,0,,"[""#quitnicotine"",""#quittobacco"",""#quitvaping"",""#greatamericansmokeout"",""#gaso2020""]",,"https://www.instagram.com/p/CHx4_BDJEt0/","cat***tan***","17873200544037279","2445986693696998260"
"https://www.instagram.com/snus.nicopods_scotland","snu***ico***s_s*********","https://www.instagram.com/snus.nicopods_scotland","2023-02-16T13:02:11.000Z","#icebergsnus #snus #snusuk #nicopods #nicopodsuk #nicotine #podsandpouches #nicopouches #nicpouch #nicopod #nicotinepouches #snus #snusuk #quitsmoking #quitvaping #smokefree #tobaccofree #football #icehockey #lifestyle #killapods #siberiasnus #wholesale",0,0,,"[""#icebergsnus"",""#snus"",""#snusuk"",""#nicopods"",""#nicopodsuk"",""#nicotine"",""#podsandpouches"",""#nicopouches"",""#nicpouch"",""#nicopod"",""#nicotinepouches"",""#snus"",""#snusuk"",""#quitsmoking"",""#quitvaping"",""#smokefree"",""#tobaccofree"",""#football"",""#icehockey"",""#lifestyle"",""#killapods"",""#siberiasnus"",""#wholesale""]",,"https://www.instagram.com/p/CouWZeEsly6/","snu***ico***s_s*********","17890308455708457","3039465305822878906"
"https://www.instagram.com/old_account_photo_dont_follow","kel***boh***","https://www.instagram.com/kelseybohlen","2016-04-03T10:23:00.000Z","Pretty cool :)",0,0,,,,"https://www.instagram.com/p/BDOQu9TLR-0/","old***cou***pho*********oll***","17846317933122631","1210978945469325236"
"https://www.instagram.com/old_account_photo_dont_follow","51v***_sm***_sh***","https://www.instagram.com/51vape_smoke_shop","2016-03-28T14:12:36.000Z","🙌",0,0,,,,"https://www.instagram.com/p/BDehFy5rRyj/","old***cou***pho*********oll***","17846316103124847","1215554483223600291"
"https://www.instagram.com/wearesamaritas","del***ent***i","https://www.instagram.com/deltadentalmi","2023-01-06T23:38:43.000Z","This. 👏",1,0,,,,"https://www.instagram.com/p/CnE-cMGOJ-2/","wea***ama***as","18201716863226686","3009805067008647094"
"https://www.instagram.com/caffybar","caf***ar","https://www.instagram.com/caffybar","2022-11-23T10:49:13.000Z","#vitaminb12 #fitness #lifestyle #healthylifestyle #technology #quitvaping #melatonina #zeronicotina #caffybar #melatoninvape #quitnicotine #sleep #nicotinefreevape #helathy #discount #nosmoking #innovation #newproducts",0,0,,"[""#vitaminb12"",""#fitness"",""#lifestyle"",""#healthylifestyle"",""#technology"",""#quitvaping"",""#melatonina"",""#zeronicotina"",""#caffybar"",""#melatoninvape"",""#quitnicotine"",""#sleep"",""#nicotinefreevape"",""#helathy"",""#discount"",""#nosmoking"",""#innovation"",""#newproducts""]",,"https://www.instagram.com/p/Cks3hJAvMdc/","caf***ar","17943301250438522","2966990424507205468"
"https://www.instagram.com/refreshnelson","ref***hne***n","https://www.instagram.com/refreshnelson","2021-01-01T20:39:42.000Z","•
•
•
•
•
#NelsonCounty #NelsonCountyKY #NewHopeKY #ChaplinKY #FairfieldKY #NewHavenKY #BloomfieldKY #HealthyKy #SmokeFreeTomorrow #SmokeFreeNelson #publichealth #publichealthmatters #nosmoking #quitsmoking #quitvaping #behealthy #healthylife #nonsmoker #yourhealthmatters #smokefree #breatheeasy #teamwork #community #TogetherKy",0,0,,"[""#NelsonCounty"",""#NelsonCountyKY"",""#NewHopeKY"",""#ChaplinKY"",""#FairfieldKY"",""#NewHavenKY"",""#BloomfieldKY"",""#HealthyKy"",""#SmokeFreeTomorrow"",""#SmokeFreeNelson"",""#publichealth"",""#publichealthmatters"",""#nosmoking"",""#quitsmoking"",""#quitvaping"",""#behealthy"",""#healthylife"",""#nonsmoker"",""#yourhealthmatters"",""#smokefree"",""#breatheeasy"",""#teamwork"",""#community"",""#TogetherKy""]",,"https://www.instagram.com/p/CI3-eVULULc/","ref***hne***n","17868214304241082","2465714084363715292"
"https://www.instagram.com/parker_3","rea***c","https://www.instagram.com/reaperc","2022-06-08T11:25:25.000Z","Looks amazing!",0,0,,,,"https://www.instagram.com/p/CefcoeROWoX/","par***_3","18211507951145247","2855126615358794263"
"https://www.instagram.com/no.more.juuling","who***ss.***gus***","https://www.instagram.com/wholeass.mingus","2019-07-17T16:32:38.000Z","Juuls are fuckin wack novos or pretty much any smok device is better",0,0,,,,"https://www.instagram.com/p/BuEwvzxnvcS/","no.***e.j***ing***","18066518683105982","1982924127591134994"
"https://www.instagram.com/shitty.urinal","shi***.ur***l","https://www.instagram.com/shitty.urinal","2019-10-22T10:43:43.000Z","#funnymemes #memesdaily #memes #memelord #memestagram #memestgram #memer #memez #bruhmoment #autismawareness #dankmemes #meme #lmao #memekbasah #jesus #memesrlife #memed #stopit #putitinmyass #spicymemes #erection #sensitivecontent #stopjuuling #juul #genderfluid #minecraft #deepfriedmemes #tiktok #boobs #nsfwcontent",0,0,,"[""#funnymemes"",""#memesdaily"",""#memes"",""#memelord"",""#memestagram"",""#memestgram"",""#memer"",""#memez"",""#bruhmoment"",""#autismawareness"",""#dankmemes"",""#meme"",""#lmao"",""#memekbasah"",""#jesus"",""#memesrlife"",""#memed"",""#stopit"",""#putitinmyass"",""#spicymemes"",""#erection"",""#sensitivecontent"",""#stopjuuling"",""#juul"",""#genderfluid"",""#minecraft"",""#deepfriedmemes"",""#tiktok"",""#boobs"",""#nsfwcontent""]",,"https://www.instagram.com/p/B36uS-_JK8I/","shi***.ur***l","18108127111041932","2160242585999027976"
"https://www.instagram.com/vafriend_doksan","vaf***nd_***ha","https://www.instagram.com/vafriend_yulha","2024-12-24T08:47:24.000Z","잘 보고 갑니당👏🏻",0,0,,,,"https://www.instagram.com/p/DD6twy_SQ_g/","vaf***nd_***san***","18029844536404804","3529334523374931936"
"https://www.instagram.com/violetwitchel","yam***thh***","https://www.instagram.com/yamilxthh_","Sun Dec 07 2025 07:46:02 GMT+0000 (Coordinated Universal Time)","Love the punch bowl!",0,0,,,,"https://www.instagram.com/p/DR8cqq7CSAs/","vio***wit***l","18088159972961754","3782023864692318252_505577780"
"https://www.instagram.com/bellaclrs","ken***di","https://www.instagram.com/kenthadi","Sat Nov 29 2025 11:38:31 GMT+0000 (Coordinated Universal Time)","Goksssss",0,0,,,,"https://www.instagram.com/reel/DRols5mEsea/","bel***lrs***","17980848068932892","3776434100770097050_2435330277"
"https://www.instagram.com/emilybreeze","mon***l3","https://www.instagram.com/montell3","Fri Nov 14 2025 00:45:40 GMT+0000 (Coordinated Universal Time)","😍😍",0,1,,,,"https://www.instagram.com/p/DRBDxhVgBEg/","emi***ree***","18090754318732236","3765307360646533408_21283885"
"https://www.instagram.com/mckenzieluskey","abz***lor***","https://www.instagram.com/abztaylor","Mon Nov 17 2025 22:36:25 GMT+0000 (Coordinated Universal Time)","Honestly sounds so convenient 🙂‍↕️",0,0,,,,"https://www.instagram.com/p/DRIDZ14j_Bz/","mck***iel***ey","18046747937453646","3767276058279145587_18129979"
"https://www.instagram.com/hiltongrandvacationsjp","deb***sak***osh******","https://www.instagram.com/debut_saki_yoshida","Mon Aug 04 2025 01:10:26 GMT+0000 (Coordinated Universal Time)","初めての家族海外 in Hawaii旅行🥹🩷🌺",0,0,,,,"https://www.instagram.com/p/DLtbY6vMtf5/","hil***gra***aca*********","18051970283628393","3669709730968950777_2039501330"
"https://www.instagram.com/nytimes","jil***ry","https://www.instagram.com/jilljary","Wed Dec 17 2025 22:10:29 GMT+0000 (Coordinated Universal Time)","This is absolutely disgusting behaviour 😔🙏",0,0,,,,"https://www.instagram.com/reel/DSUkUuWD8mM/","nyt***s","17935164408129860","3788812940351621516_1624593034"
"https://www.instagram.com/clarity_hypnotherapy","fat***sby***nee*********","https://www.instagram.com/fatlossbyrajneetthacker","Mon Jun 30 2025 10:41:26 GMT+0000 (Coordinated Universal Time)","😍😍",,1,,,,"https://www.instagram.com/p/DLZVI8Ds_tV/","cla***y_h***oth******","18316210918234747","3664052745061792597_49116678155"
"https://www.instagram.com/itsbrodiejr","lov***doz***","https://www.instagram.com/lovemydozen","Mon Sep 29 2025 17:31:24 GMT+0000 (Coordinated Universal Time)","🥹🥹my heart!! Love u Bro!!🤟🏼🤟🏼",,0,,,,"https://www.instagram.com/p/DPMP_T5ERA6/","its***die***","18049021781328396","3732428512566513722_70241434130"
"https://www.instagram.com/pottytrainingconsultant","and***lle***nkl***","https://www.instagram.com/andriellemhinkle","Sat Jul 19 2025 01:22:38 GMT+0000 (Coordinated Universal Time)","Survival",,1,,,,"https://www.instagram.com/p/DL6HbrSSOej/","pot***rai***gco*********","18141073948407081","3673281134303176611_6984659887"
"https://www.instagram.com/jeromepolin","nia***rna***s98***","https://www.instagram.com/nia_fernandes98","Sun Jul 20 2025 23:59:08 GMT+0000 (Coordinated Universal Time)","TOM & JERRY FAVORIT sih ampe detik ini🐱🐭❤️❤️❤️",,0,,,,"https://www.instagram.com/tomoyama32/p/DMVC3LezXv6/","jer***pol***","18336715723163069","3680860858437434362_271698321"
"https://www.instagram.com/hey_shejuu_","unp***ict***e3.***","https://www.instagram.com/unpredictable3.0","2025-08-20T11:57:24.000Z","Stunning",,0,,,,"https://www.instagram.com/hey_shejuu_/p/ClvvK52SZsT","hey***eju***","18138187180421224","2985812535464794899_54046403582"
"https://www.instagram.com/jacinthawee","wal***odj***","https://www.instagram.com/wallypodj","Mon Nov 10 2025 00:03:59 GMT+0000 (Coordinated Universal Time)","yuuumm!! ❤️❤️",,1,,,,"https://www.instagram.com/jacinthawee/p/DQ1ftRaEzyN/","jac***haw***","17920478985056157","3762052514247294093_10820607"
"https://www.instagram.com/undefined","nov***ft_***","https://www.instagram.com/novialft_","Sun Nov 23 2025 13:49:16 GMT+0000 (Coordinated Universal Time)","😂😂😂😂",,0,,,,"https://www.instagram.com/reel/DRYuExkEdZt/",,"17971497626978006","3771967326158706285_2017492407"
"https://www.instagram.com/undefined","len***dar***u","https://www.instagram.com/lensa_darjoku","Fri Nov 14 2025 11:09:09 GMT+0000 (Coordinated Universal Time)","Saya kalau ngecharge, nyalakan AC, atau Kipas, hape taruh Ubin, kadang sampe blasuk ketiduran, Alhamdulilah Baterai masih panjang SOTnya, Chargernya juga kalau misal bukan bawaan ya yang bagusa. Brandnya🙏",,3,,,,"https://www.instagram.com/reel/DRB30HIE9OR/",,"17987000015864297","3765536237081056145_30825198"
"https://www.instagram.com/undefined","******","https://www.instagram.com/aic.15","Wed Nov 12 2025 08:13:41 GMT+0000 (Coordinated Universal Time)","Tell linus there's no phone in his case",,0,,,,"https://www.instagram.com/reel/DQ1-vFTgSM8/",,"17997334562696858","3762188978132951868_231599715"
"https://www.instagram.com/charlottedekamps","say***toh***th.***","https://www.instagram.com/sayyestohealth.nl","2024-11-27T16:28:15.000Z","❤️❤️❤️",0,1,,,,"https://www.instagram.com/p/DC4YJQ1MDmY/","cha***tte***amp***","18163320517319049","3510662099199080856_32391101"
"https://www.instagram.com/mandyvandervenne","nao***ger***sen***","https://www.instagram.com/naomi_gerritsen","2025-10-16T22:45:19.000Z","Ohhh zo leuk allemaal! 😍 die hartjes oorbellen ook, luf it!",0,1,,,,"https://www.instagram.com/reel/DP4KdQXjOk5/","man***and***enn***","18540562231024232","3744789081063483705_58565879434"
"https://www.instagram.com/betsy_oldetymebulldog","cly***hew***yhu******","https://www.instagram.com/clydethewoolyhusky","Wed Aug 27 2025 17:41:03 GMT+0000 (Coordinated Universal Time)","Have a wonderful Wednesday!",0,0,,,,"https://www.instagram.com/p/DN2gCSq2iok/","bet***old***meb*********","18056141372419727","3708292238159784484_37249839571"
"https://www.instagram.com/rachna.patel_","tif***ysa***wan***","https://www.instagram.com/tiffanysageswan","Fri Sep 05 2025 03:25:55 GMT+0000 (Coordinated Universal Time)","I love it!!!",0,0,,,,"https://www.instagram.com/p/DONGapgDETk/","rac***.pa***_","18075708032095916","3714653487197078756_305972607"
"https://www.instagram.com/drishtikumarr","the***nis***rg","https://www.instagram.com/the_manishgarg","2023-12-04T17:24:13.000Z","❤️",0,0,,,,"https://www.instagram.com/drishtikumarr/reel/CxpI_Kgp3gO/","dri***iku***r","18291302086145724","3200128535207835662"
"https://www.instagram.com/mukherjeepritha975","ran***tmo***l38***","https://www.instagram.com/ranajitmondal38","2025-03-17T11:10:16.000Z","Beautiful lips 🔥",0,0,,,,"https://www.instagram.com/mukherjeepritha975/p/DG8jfECSzN_/","muk***jee***tha******","18112443508460994","3583895469745189759"
"https://www.instagram.com/nirmalkesar","pre***kes***4","https://www.instagram.com/preetikesar74","2024-07-25T10:00:23.000Z","❤️❤️",0,0,,,,"https://www.instagram.com/nirmalkesar/p/C91y9c6PVp2/","nir***kes***","17857257546171626","3419863617313266294"
"https://www.instagram.com/aishwaryakeshariofficial","dhr***esh***","https://www.instagram.com/dhruv_eshh","2025-03-01T01:51:45.000Z","HOLYYY HELLLL!!! Girlll stopppp my girl uses this app",2,0,,,,"https://www.instagram.com/aishwaryakeshariofficial/reel/DGichUETiQL/","ais***rya***har*********","17868117114240250","3576546488677704715"
"https://www.instagram.com/moonmon_msp","blu***sa.***sp","https://www.instagram.com/bluejusa._.msp","Wed Sep 04 2024 00:00:00 GMT+0000 (Coordinated Universal Time)","❤️🔥",,0,,,,"https://www.instagram.com/p/C_d4mjhqr9R","moo***n_m***","18017456093267833","3449161829726207825_58216131469"
"https://www.instagram.com/francis_gg_fit","rus***l.f***ver***","https://www.instagram.com/russell.fitover40","Thu Jan 09 2025 16:55:05 GMT+0000 (Coordinated Universal Time)","🙌🙌🙌",,0,,,,"https://www.instagram.com/p/C5juRN-OUDo/","fra***s_g***it","18054034396991404","3342718841812238568_8475971"
"https://www.instagram.com/kyothena","eem***gr","https://www.instagram.com/eema.ogr","Thu Sep 11 2025 18:58:50 GMT+0000 (Coordinated Universal Time)","J'ADORE 😋😋😋",,1,,,,"https://www.instagram.com/p/DOeNYiLDKw3","kyo***na","17890439988201185","3719469202819296311_51318705513"
"https://www.instagram.com/noruilv","sou***art***","https://www.instagram.com/soutryart","Sat Sep 20 2025 23:19:12 GMT+0000 (Coordinated Universal Time)","She's glowing in both versions actually",,1,,,,"https://www.instagram.com/p/DOlvV0MiKce","nor***v","18062763989621578","3721588874431473438_38105118642"
"https://www.instagram.com/andresvillalval","puc***ogr***ios***","https://www.instagram.com/puchitograndioso","Fri Oct 10 2025 02:47:26 GMT+0000 (Coordinated Universal Time)","Que as-Ko esa verborrea!",,1,,,,"https://www.instagram.com/reel/DPnKKu3jY85/","and***vil***val***","18075056690131193","3740002733538512697_1173824891"
"https://www.instagram.com/vigalinte_","nor***mel***.ar***","https://www.instagram.com/norbermelina.art","Wed Oct 01 2025 04:49:44 GMT+0000 (Coordinated Universal Time)","MY QUEEN!!! (Also slay! Hehe get it)",,1,,,,"https://www.instagram.com/p/DPOQpAcAX76","vig***nte***","18026614937737807","3732994327849303802_71474658519"
"https://www.instagram.com/christiantriano","bia***orz***o","https://www.instagram.com/biancaorzillo","Tue Sep 16 2025 22:05:32 GMT+0000 (Coordinated Universal Time)","Ur so cool",,0,,,,"https://www.instagram.com/p/DOrX6YbkYLx/","chr***ian***ano***","18026497268524341","3723174683983577841_444137857"
"https://www.instagram.com/adorablelife_kw","ghe***lbs***","https://www.instagram.com/gher_albshr","Sun Oct 05 2025 11:30:50 GMT+0000 (Coordinated Universal Time)","⁨هني و عافيه⁩",,0,,,,"https://www.instagram.com/p/DPZEV71jGwc/","ado***lel***_kw***","18081566707814622","3736036465424755740_44262987557"
"https://www.instagram.com/kelsiefields","cas***hay***hot***","https://www.instagram.com/cassiehayesphoto","Thu Feb 27 2025 16:38:02 GMT+0000 (Coordinated Universal Time)","Real life princess",,0,,,,"https://www.instagram.com/p/DGi3-c9y9XY/","kel***fie***","18066838117891618","3576667238352803288_17556655"
"https://www.instagram.com/epicogye","seg***o01***eza***","https://www.instagram.com/segundo01cabeza","Thu Sep 11 2025 02:44:26 GMT+0000 (Coordinated Universal Time)","Excelente",,0,,,,"https://www.instagram.com/reel/DOcT1lMkdgk","epi***ye","18082659868933088","3718934637256497188_18126029807"
"https://www.instagram.com/kingsdaughter.__","dr.***lam***","https://www.instagram.com/dr.kellam","Sun Jun 08 2025 18:55:35 GMT+0000 (Coordinated Universal Time)","🔥🔥",,0,,,,"https://www.instagram.com/p/DKpkotlOjr9/","kin***aug***r._***","18086000038594512","3650610100356922109_184954515"
"https://www.instagram.com/icedbxrbie","cam***x","https://www.instagram.com/camix.x","Mon Jun 23 2025 13:16:16 GMT+0000 (Coordinated Universal Time)","Oooo yesss 😍😍",,1,,,,"https://www.instagram.com/p/DLPWgS3KDW4/","ice***rbi***","17849361204489362","3661243998374737336_429486838"
"https://www.instagram.com/juliettebinoche","gab***kyr***ns","https://www.instagram.com/gabinskyrubens","Thu Oct 09 2025 18:51:52 GMT+0000 (Coordinated Universal Time)","Et les otages ???",,0,,,,"https://www.instagram.com/reel/DPB_feMk-Ki","jul***teb***che***","17940902619078584","3729541206096732834_2926510723"
"https://www.instagram.com/xo._shaina","its***gyo***","https://www.instagram.com/itsbiggyo","Thu Jul 18 2024 18:32:12 GMT+0000 (Coordinated Universal Time)","😍😍😍",,0,,,,"https://www.instagram.com/p/C9f2ae_v9fX/","xo.***ain***","18275959585227087","3413686357069912023_1301701490"
"https://www.instagram.com/geraldinebogard","rut***.ak***","https://www.instagram.com/ruthie.akuaa","Sat Oct 18 2025 17:19:36 GMT+0000 (Coordinated Universal Time)","This is amazing 🥹",,0,,,,"https://www.instagram.com/p/DP88y5yDaXK/","ger***ine***ard***","18072640820221244","3746136370872952266_610807342"
"https://www.instagram.com/tallglassalwaysfull","hey***cam***ll","https://www.instagram.com/heydebcampbell","Mon Jun 30 2025 14:19:04 GMT+0000 (Coordinated Universal Time)","🔥🔥🔥",,1,,,,"https://www.instagram.com/p/DLfx_53S_mT/","tal***ass***ays******","18097930468596036","3665868517439961491_515397896"
"https://www.instagram.com/duamdasin_.gel","******","https://www.instagram.com/ldkstn","2024-08-14T13:43:38.000Z","Aminnnn🤲🤲🤲",0,0,[],,,"https://www.instagram.com/p/C-plCLltq6l","dua***sin***el","17991335597517844","3434439068450467493"
"https://www.instagram.com/designersforpalestine","kat***ina***len***","https://www.instagram.com/katariina.valen","2024-08-14T16:24:18.000Z","💫🍉💌🧿🇵🇸",1,0,[],,,"https://www.instagram.com/p/C-qAaYGtqQ8","des***ers***pal*********","18018264395440269","3434559478412256316"
"https://www.instagram.com/lacatedraldeantojitos","lac***dra***ant*********","https://www.instagram.com/lacatedraldeantojitos","2024-08-13T19:46:06.000Z",,1,0,[],,,"https://www.instagram.com/p/C-n0_g5yGyj","lac***dra***ant*********","18038171401870128","3433946303968079011"
"https://www.instagram.com/paodejuda","sha***evs***fer***","https://www.instagram.com/shayanevschafer","2024-08-14T14:03:16.000Z","Amém",0,0,[],,,"https://www.instagram.com/p/C-ospyyMzx6","pao***uda***","18018919823384374","3434191101944347770"
"https://www.instagram.com/lavisingh21","ari***t17***","https://www.instagram.com/ariji.t17","2023-01-11T05:45:26.000Z","😮",0,0,,,,"https://www.instagram.com/lavisingh21/p/CnJgxZBKJ_v/","lav***ngh***","17844177134920111","3011081957479587823"
"https://www.instagram.com/vlisco","ark***ik_***ine***","https://www.instagram.com/arkafrik_business","2025-02-14T23:43:02.000Z","Vous avez des motif African comme Mudcloth, bogolan",1,2,"[{""likes_number"":0,""reply"":""@arkafrik_business Oui"",""reply_date"":""2025-02-15T12:52:46.000Z"",""reply_user"":""jea***ck5***""},{""likes_number"":2,""reply"":""@jeanjack5124 \nBonjour, vous pouvez trouver tous nos tissus et leurs prix dans notre boutique en ligne officielle : https://vlisco.com/fr/collections/tous-les-dessins"",""reply_date"":""2025-02-17T16:44:00.000Z"",""reply_user"":""******""}]",,,"https://www.instagram.com/p/DGC0fLuqgAn","******","17857567986303122","3567644696147263527"
"https://www.instagram.com/xakshat.__","yas***eah***","https://www.instagram.com/yas.sheah","2023-03-29T15:10:47.000Z","Islayyyyy 😭🫶",1,0,,,,"https://www.instagram.com/xakshat.__/p/CqXdtxaIXrs/","xak***t._***","17969861432218209","3069052359853308652"
"https://www.instagram.com/xakshat.__","miz***.11***","https://www.instagram.com/mizkax.11","2022-12-07T12:25:43.000Z","Boeee🧊",1,0,,,,"https://www.instagram.com/xakshat.__/p/Cl1SLi2J2z6/","xak***t._***","17980618267713828","2987373885997411578"
"https://www.instagram.com/kavivashisth","lun***wor***","https://www.instagram.com/lunaerworld","2024-12-18T12:13:50.000Z","Welcome to the LUNAER world🤝🎁",2,1,"[{""likes_number"":0,""reply"":""@lunaerworld 🙌❤️"",""reply_date"":""2024-12-18T19:28:29.000Z"",""reply_user"":""kav***shi***""}]",,,"https://www.instagram.com/kavivashisth/reel/DDt9M2UA1z4/","kav***shi***","18129148456391678","3525743247089687800"
"https://www.instagram.com/dawar_dar_","sah***eg0***","https://www.instagram.com/sahilbeg007","2025-01-21T14:09:44.000Z","Brother genuine hai na",2,2,"[{""likes_number"":1,""reply"":""@sahilbeg007 haaan ji"",""reply_date"":""2025-01-21T18:03:56.000Z"",""reply_user"":""daw***dar***""}]",,,"https://www.instagram.com/dawar_dar_/p/DEK5nKCT49t/","daw***dar***","17919838301935427","3533890237112487789"
"https://www.instagram.com/dawar_dar_","who***yam***","https://www.instagram.com/whoiz_yamin","2024-07-07T08:17:08.000Z","❤️❤️❤️🔥🔥",0,0,,,,"https://www.instagram.com/dawar_dar_/p/C8m01KAP_dl/","daw***dar***","18030156842486336","3397635320190072677"
"https://www.instagram.com/sachinbhardwaj4961","rad***a_p***riy******","https://www.instagram.com/radhika_pateriya_17","2025-03-11T15:30:46.000Z","🔥🔥",1,1,"[{""likes_number"":1,""reply"":""@radhika_pateriya_17 Thanku ji"",""reply_date"":""2025-03-11T15:37:52.000Z"",""reply_user"":""sac***bha***aj4******""}]",,,"https://www.instagram.com/sachinbhardwaj4961/p/DGr5UnLS6Lb/","sac***bha***aj4******","17958836681912492","3579206433982096091"
"https://www.instagram.com/hiravmehta","rah***ane***785***","https://www.instagram.com/rahulmane240785","2024-12-14T13:11:59.000Z","🔥🔥🔥",0,0,,,,"https://www.instagram.com/hiravmehta/p/DDjyYhSMrOL/","hir***eht***","18099446713480147","3522880920865649547"
"https://www.instagram.com/the_shivanimishra","kam***mis***75","https://www.instagram.com/kaminimishra75","2025-02-21T11:35:08.000Z","Cutie 🥰🥰",0,0,,,,"https://www.instagram.com/the_shivanimishra/p/DC056lzJG3h/","the***iva***ish***","18484012312007062","3509684724595715553"
"https://www.instagram.com/samarthya_gupta","skr***d17***","https://www.instagram.com/skrasid17798","2025-01-11T16:27:29.000Z","Very nice ❤️",0,0,,,,"https://www.instagram.com/samarthya_gupta/p/DEhxqXFygxT/","sam***hya***pta***","17859750066339027","3540329197380176979"
"https://www.instagram.com/ved.23698","who***jas***h","https://www.instagram.com/whopoojasingh","2023-09-19T10:07:20.000Z","❤️🙏🏼",1,0,,,,"https://www.instagram.com/ved.23698/reel/CxXjtufsqO7/","ved***698***","18001495673082903","3195179534570922939"
"https://www.instagram.com/ningita_","dn.***his***","https://www.instagram.com/dn.nafhisa08","2025-03-13T14:28:32.000Z","MasyaAllah buuuu saya pantau trus hihi😂😂😍",0,0,,,,"https://www.instagram.com/p/DHJIaIovNhO","nin***a_","18039511922398158","3587435558529194062"
"https://www.instagram.com/a_brunette_doll25","pra***.ma***eva***","https://www.instagram.com/prabhu.mahadeva","2024-07-31T23:23:42.000Z","Awesome Brunette 😍😍😍",0,0,[],,,"https://www.instagram.com/p/C-GumIuC1p6","a_b***ett***oll***","17933028923869819","3424629497503898234"
"https://www.instagram.com/katyalevana","lih***cha***","https://www.instagram.com/lihihacham","2024-08-01T09:01:52.000Z","מושלמים ❤️❤️",2,0,[],,,"https://www.instagram.com/p/C-HtmsYorF-","kat***eva***","18129147067324096","3424906612729622910"
"https://www.instagram.com/alihsan_foundation","mod***man***","https://www.instagram.com/modousmanneh","2024-07-31T14:15:18.000Z","😍😍👏👏",0,0,[],,,"https://www.instagram.com/p/C-FrqZStT1t","ali***n_f***dat******","17986077299536694","3424335121060543853"
"https://www.instagram.com/strength4israel","ste***efr***el6***","https://www.instagram.com/stephiefrankel6","2024-08-02T06:32:35.000Z","Democratic Socialists of America are not even Democrats and hate Democrats! Believe me, I met them when I marched for Stop Moms for Liberty. They literally denounce the Democratic party and want to start their own socialist party",0,0,[],,,"https://www.instagram.com/p/C-GxWJLtZY8","str***th4***ael***","18438945967065474","3424641592629499452"
"https://www.instagram.com/esraa_naj11","abd***h25***","https://www.instagram.com/abdul_h2599","2024-08-01T01:00:33.000Z","يا لطيف 😢",0,0,[],,,"https://www.instagram.com/p/C-GcvJWITHa","esr***naj***","18040909471946803","3424550951814509018"
"https://www.instagram.com/hani.alshaer","tar***167***","https://www.instagram.com/tartam1675","2024-07-31T23:43:57.000Z","💔🤲☝🏼",0,0,[],,,"https://www.instagram.com/p/C-F5Fq3tzay","han***lsh***","18035780996015828","3424394169965557426"
"https://www.instagram.com/mohamednourhayed","int***tic***aja******","https://www.instagram.com/intersticesfajawat","2024-08-01T19:09:22.000Z","Et donc vous vous foutez bien du colonialisme français et de ses politiques racistes et sécuritaires, son adhésion au capitalisme le plus asocial. Peut-être qu'un jour vous aimerez tellement son drapeau que vous voterez pour les partis opposés à l'immigration... Cette propension à confondre culture et Etat-nation est agaçante. Non, la France et son hymne belliqueux n'ont pas besoin d'être admirés.",0,4,"[{""likes_number"":0,""reply"":""@mohamednourhayed Nous sommes Syriens, mais nous n'avons pas fait sciences po. Vous prenez visiblement le temps de répondre et de considérer la parole des concerné-es. Vous auriez parfaitement illustré les écrits de Franz Fanon sur la reproduction des élites colonisées... Narcisse se faisant passer pour un révolutionnaire."",""reply_date"":""2024-08-02T13:14:36.000Z"",""reply_user"":""int***tic***aja******""},{""likes_number"":0,""reply"":""@intersticesfajawat je n’ai pas fait Sciences Po… et wow les “élites colonisées” incroyable ! Je suis né en Syrie, j’ai vécu la répression Assad, les bombardements iraniens et russes, la barbarie du terrorisme, je sais de quoi je parle. Maintenant, sur ce qui est de la France. C’est ma patrie d’adoption, et je suis fier d’être Français, que ça te plaise ou non. Si tu considère que tu vis dans un pays colonial et que tu hais les symboles de la République, alors personne ne t’oblige à rester ici, la France mérite mieux."",""reply_date"":""2024-08-02T13:18:14.000Z"",""reply_user"":""moh***dno***aye***""},{""likes_number"":0,""reply"":""@intersticesfajawat merci pour la comparaison avec Narcisse d’ailleurs, très flatteur !"",""reply_date"":""2024-08-02T13:18:45.000Z"",""reply_user"":""moh***dno***aye***""}]",,,"https://www.instagram.com/p/C-HxzrdoAOF","moh***dno***aye***","17896655487042816","3424925097278833541"
"https://www.instagram.com/inviteby_juman","tur***_hi***_by*********","https://www.instagram.com/turban_hijab_by_murjan","2024-09-01T23:31:31.000Z","So beautiful 😍",1,0,,,,"https://www.instagram.com/p/C_Vm7LgtBIH","inv***by_***an","17986046783564446","3446832282398364167"
"https://www.instagram.com/lamsatjadaty","ema***arw***844***","https://www.instagram.com/eman_darwish8448","2024-05-20T19:56:56.000Z","كم السعر",0,1,"[{""likes_number"":0,""reply"":""@eman_darwish8448 سيتم الرد على الخاص"",""reply_date"":""2024-05-21T03:03:38.000Z"",""reply_user"":""lam***jad***""}]",,,"https://www.instagram.com/p/Cz8PEC6s2Jn","lam***jad***","18036738865820680","3241532080507806311"
"https://www.instagram.com/mohammadwaleed92","zoh***jar***","https://www.instagram.com/zoher_jarar","2024-09-06T18:19:21.000Z","اخي❤️😍",1,1,"[{""likes_number"":1,""reply"":""@zoher_jarar ابو الزوز ❤❤"",""reply_date"":""2024-09-06T18:24:44.000Z"",""reply_user"":""moh***adw***ed9***""}]",,,"https://www.instagram.com/p/C_k5uqjtxNg","moh***adw***ed9***","18138767497347136","3451137109916062560"
"https://www.instagram.com/aishasfabrics","dar***als***esh***","https://www.instagram.com/dareenalshawesh","2024-02-26T10:32:56.000Z","خيال توتو ما شاء الله 😍😍😍",1,1,"[{""likes_number"":0,""reply"":""@dareenalshawesh حبيبة قلبي دودي شكراً 😍😍🤩🤩♥️♥️"",""reply_date"":""2024-02-26T18:30:21.000Z"",""reply_user"":""ais***fab***s""}]",,,"https://www.instagram.com/p/C3xeGZEqcZt","ais***fab***s","18065162209500840","3310559581727999597"
"https://www.instagram.com/fuuh_bags","tas***m.k***","https://www.instagram.com/tasneem.k.23","2024-01-30T20:00:16.000Z","🖤",0,0,,,,"https://www.instagram.com/p/CzPOgV0MpHX","fuu***ags***","18411568894002508","3228863252946653655"
"https://www.instagram.com/inviteby_juman","ran***_ma***p22***","https://www.instagram.com/raneem_makeup22","2024-09-04T21:05:39.000Z","فناااانه💜💜💜💜💜",0,0,,,,"https://www.instagram.com/p/C_abJU0to15","inv***by_***an","18057437347706446","3448187852795841913"
"https://www.instagram.com/bellabellsr","nad***kab***i","https://www.instagram.com/nadeenkabbani","2023-07-24T00:21:33.000Z","THE PLEASURE WAS ALL OURS",2,0,,,,"https://www.instagram.com/p/CvD0fm9PGXL","bel***ell***","17991234248144322","3153595034641393099"
"https://www.instagram.com/dr_areen_failat","khl***bdl***m","https://www.instagram.com/khlwd.bdlkrym","2024-07-06T19:20:42.000Z","كم سعرها وفي توصيل إلى الامارات",0,0,,,,"https://www.instagram.com/p/C9Da42tsVMY","dr_***en_***lat***","18037097446943712","3405683999470867224"
"https://www.instagram.com/beingmounir.k","meh***can***m","https://www.instagram.com/mehmetcanizim","2024-09-02T11:25:08.000Z","❤️❤️",1,0,,,,"https://www.instagram.com/p/C_aXB-qiZW3","bei***oun***k","17996575532668376","3448169755780421047"
"https://www.instagram.com/art_deco_caftans_tamara_banat","fau***.m.***","https://www.instagram.com/fausto.m.s","2022-02-27T09:55:14.000Z","🇺🇦💔🇺🇦",1,0,,,,"https://www.instagram.com/p/CaeGOuSsebz","art***co_***tan*********ban***","17999746810414866","2782689019819058931"
"https://www.instagram.com/alexandre_mission","prm***elo***","https://www.instagram.com/prmarcelo_pl","2022-08-28T12:23:05.000Z","👏👏",1,0,,,,"https://www.instagram.com/p/ChzDdKiKrJ2","ale***dre***ssi***","17919665906573097","2914688582153843318"
"https://www.instagram.com/israelcomaline","eli***lde***","https://www.instagram.com/elin.ilde","2024-02-22T14:55:22.000Z","Amo Israel  estivemos air em maio 2023 foi a  viagem do meus sonhos. Tudo muinto lindo  verdadeiramente. Andamos nas páginas da bíblia.👏👏😂😂😂😂",0,0,,,,"https://www.instagram.com/p/C3GVOxEIuKu","isr***com***ne","18028000942921602","3298417150827618990"
"https://www.instagram.com/lebaneseweddings","que***nat***aof*********","https://www.instagram.com/queenbnatashaofficial","2024-10-11T21:01:28.000Z","Best wishes to everyone!!!",0,0,,,,"https://www.instagram.com/p/DA5-6_cNG-K","leb***sew***ing***","18109933030423122","3475085320225320842"
"https://www.instagram.com/fui_sera_que_volto","hel***ram***mor***","https://www.instagram.com/helenaramosamorim","2023-09-21T20:32:47.000Z","🙌🙌🙌🙌",1,0,,,,"https://www.instagram.com/p/Cxdwn66skEQ","fui***ra_***_vo******","18387097336055786","3196925160056832272"
"https://www.instagram.com/whats_inkuwait","liv***lik***ree***","https://www.instagram.com/livinglikealreem","Thu Oct 16 2025 03:35:44 GMT+0000 (Coordinated Universal Time)","🤤🤤",,0,,,,"https://www.instagram.com/p/DP1sV8rjEej/","wha***ink***it","17976587342926615","3744093687539058595_59817551439"
"https://www.instagram.com/crendonphoto","tet***too***","https://www.instagram.com/tethertools","Thu Dec 07 2023 01:28:53 GMT+0000 (Coordinated Universal Time)","Beautiful! Great shot 📷",,1,,,,"https://www.instagram.com/p/C0iBWJXxTXY/","cre***nph***","18037021861621619","3252167800852395480_5538451844"
"https://www.instagram.com/_dani_free_","_ev***ard***","https://www.instagram.com/_evergarde","Sat May 24 2025 09:30:42 GMT+0000 (Coordinated Universal Time)","Bish didn't realise once the food was served it's gone real soon",,0,,,,"https://www.instagram.com/p/DKBtdIkJbyU","_da***fre***","17957528618945984","3639389888046283924_34652633640"
"https://www.instagram.com/pcigaran","ana***r","https://www.instagram.com/anaurar","Thu Dec 14 2023 23:52:00 GMT+0000 (Coordinated Universal Time)","👏👏👏",,0,,,,"https://www.instagram.com/p/C02byq-NwWI/","pci***an","17986516697597366","3257913609819719048_1688246220"
"https://www.instagram.com/haileyytothh","jul***dal***","https://www.instagram.com/juliaadaley","Sun Dec 29 2024 00:20:51 GMT+0000 (Coordinated Universal Time)","first!",,0,,,,"https://www.instagram.com/p/DEJFQjKxUx4","hai***yto***","18042709688242708","3533378510154714232_1627541720"
"https://www.instagram.com/haileyytothh","lex***_87***","https://www.instagram.com/lexi___8703","Wed May 07 2025 02:32:55 GMT+0000 (Coordinated Universal Time)","Love love love these and so proud of you 🫶🏻",,1,,,,"https://www.instagram.com/p/DJVCojtxWJJ","hai***yto***","17890357164251757","3626816658137768521_1627541720"
"https://www.instagram.com/alexissarahnee","vib***dyb***ya","https://www.instagram.com/vibebodybyanya","Wed Mar 13 2024 06:02:40 GMT+0000 (Coordinated Universal Time)","Can’t wait to chat with you ❤",,1,,,,"https://www.instagram.com/p/C4ZGzhcIO8T/","ale***sar***ee","18067092163499410","3321716129040232211_9141986962"
"https://www.instagram.com/ellyesse","sir***saf***y","https://www.instagram.com/siragusafanny","Mon Oct 13 2025 14:57:41 GMT+0000 (Coordinated Universal Time)","Grazie ai Toscani che sono andati a votare , forza Giani , quelli che non votano si perdono tante cose importanti peccato",,2,,,,"https://www.instagram.com/reel/DPwL-4dgjZw","ell***se","18055746914632908","3742543990088676976_339989054"
"https://www.instagram.com/hesperide_jardin","mar***uux***","https://www.instagram.com/margauuuxx","2024-12-24T21:35:45.000Z","@louiseshbn 🍀",,0,,,"[""@lo***esh***""]","https://www.instagram.com/p/DDboUHuMogA","hes***ide***rdi***","17942375348927281","3520584838261409792_3103288586"
"https://www.instagram.com/atmosphera_deco","une***sto***_a_*********bou***","https://www.instagram.com/une_histoire_a_dormir_debout","2020-12-28T07:48:51.000Z","Bonjour, j’ai repéré le canapé Odilon gris foncé mais sur votre site on passe d’une photo avec une couleur marron à une photo à avec un gris foncé (comme sur la première photo). Pourriez-vous m’indiquer quelle est la bonne couleur?",,1,,,,"https://www.instagram.com/p/CHIx6htFyVY","atm***her***eco***","17861783051291618","2434415124792419672_5381396378"
"https://www.instagram.com/atmosphera_deco","nat***ie_***ant***","https://www.instagram.com/nathalie_r_nantes","2020-09-17T19:30:19.000Z","Cette table existe t-elle en ronde ? Si oui quel diamètre ?",,2,,,,"https://www.instagram.com/p/CFPl3gLFNDR","atm***her***eco***","17910450262499800","2400303668249546961_5381396378"
"https://www.instagram.com/atmosphera_deco","66m***e_d***","https://www.instagram.com/66m2_de_deco","2021-02-19T10:22:25.000Z","Couleurs sublimes ! 😍",,1,,,,"https://www.instagram.com/p/CLcJbzml6Qx","atm***her***eco***","18195438568053688","2511924185418671153_5381396378"
"https://www.instagram.com/atmosphera_deco","tob***334***","https://www.instagram.com/tobyne33400","2021-02-28T17:31:09.000Z","Qu'il est beau ce petit chien 😍",,0,,,,"https://www.instagram.com/p/CL1s_4DlMco","atm***her***eco***","18064930993263263","2519117470146807592_5381396378"
"https://www.instagram.com/5five_france","sis***ast***.et*********","https://www.instagram.com/sissi.astuce.et.bon.plan","2025-05-12T16:43:17.000Z","J ai commandé  la 25 l  hâte de voire  ce que ça  donne 😍",,2,,,,"https://www.instagram.com/reel/DJj3tkLCjnv","5fi***fra***","17983419521683291","3630990748365240815_4040178715"
"https://www.instagram.com/hesperide_jardin","man***eil***","https://www.instagram.com/manu.veillet","2024-03-25T07:11:20.000Z","🤩🤩🤩",,0,,,,"https://www.instagram.com/p/C3kK-f7Pk81","hes***ide***rdi***","17876336877059643","3306816301749391157_3103288586"
"https://www.instagram.com/atmosphera_deco","msl***j","https://www.instagram.com/msldbjj","2019-03-19T15:07:20.000Z","Wow",,1,,,,"https://www.instagram.com/p/Bkc4AtJgwhZ","atm***her***eco***","18028185949115154","1809567489378682969_5381396378"
"https://www.instagram.com/atmosphera_deco","kek***ier***","https://www.instagram.com/keke_pierrek","2025-04-10T16:13:42.000Z","❣️",,1,,,,"https://www.instagram.com/p/DH6LaV_JH50","atm***her***eco***","18051638552337287","3601241040862084724_5381396378"
"https://www.instagram.com/atmosphera_deco","bet***ose***3","https://www.instagram.com/bettyrose1963","2021-01-18T18:51:36.000Z","J'adore !!! la couleur  est top les dimensions ont l'air idéales le bois lui donne confère un côté chic juste parfait j'adore 🙌🙌🙌❤️❤️❤️",,0,,,,"https://www.instagram.com/p/CKJ1rtTFZWb","atm***her***eco***","17844909146511536","2488756369140061595_5381396378"
"https://www.instagram.com/atmosphera_deco","san***nec***ill***","https://www.instagram.com/sandrinechevillon","2024-03-22T17:24:41.000Z","@anais_cm85 @deborahrobn",,0,,,"[""@an***_cm***"",""@de***ahr***""]","https://www.instagram.com/p/C4nAutuNnxs","atm***her***eco***","18115098283361894","3325630060026035308_5381396378"
"https://www.instagram.com/st4rberrydust","st4***r","https://www.instagram.com/st4rjar","Wed Aug 27 2025 16:26:50 GMT+0000 (Coordinated Universal Time)","THE POSE THE HAUR THE ACCESSORIES? CHEFS KISS",,1,,,,"https://www.instagram.com/p/DN3IxxkWplJ","st4***rry***t","18062470007200538","3708471423012608329_66022199836"
"https://www.instagram.com/dangiraart","ros***ots***ig","https://www.instagram.com/rosa9gotsui_ig","Mon Jun 16 2025 05:41:12 GMT+0000 (Coordinated Universal Time)","Wanna be moots?!?😍💖😍💖😍💖",,1,,,,"https://www.instagram.com/p/DK2CeIjInD_","dan***aar***","18055854986363448","3654119014514454783_1483252059"
"https://www.instagram.com/mj_gredmi","kat***huc***","https://www.instagram.com/kath.chuchu","Mon May 05 2025 20:17:45 GMT+0000 (Coordinated Universal Time)","OMGGG!!! Happy birthdayyyy!!! 🎉🎉🎉🎉🥳🥳🥳🥳🎂🎂🎂🎂👏👏👏🎈🎈🎈🎈🎁🎁🎁🎁🎊🎊🎊🎊 Hope u have an amazing birthday~ 😆🫶💝💝💝💝💝💖💖💖💖",,1,,,,"https://www.instagram.com/p/DJRbYtQoD9q","mj_***dmi***","18062731993882091","3625799620130520938_59113221441"
"https://www.instagram.com/mj_gredmi","luh***rt","https://www.instagram.com/luhz.art","Mon Jun 23 2025 21:35:38 GMT+0000 (Coordinated Universal Time)","👏👏",,0,,,,"https://www.instagram.com/p/DLQWQ8loTwK","mj_***dmi***","18034702739657897","3661524418642918410_59113221441"
"https://www.instagram.com/h4dy0_0alimation_","hal***._.***che***","https://www.instagram.com/hallow._.peaches","Sun Sep 21 2025 01:42:41 GMT+0000 (Coordinated Universal Time)","Oooh I love how this came out it’s so beautiful’",,2,,,,"https://www.instagram.com/p/DO2I2HdCZCK","h4d***0al***tio***","18079174324822725","3726204644922855562_64700417617"
"https://www.instagram.com/__anna.ru","ba1***i_z***","https://www.instagram.com/ba1dski_zoe","Tue Sep 30 2025 21:04:52 GMT+0000 (Coordinated Universal Time)","Thank you so much for joining!! The lion and water look incredible ❤️",,2,,,,"https://www.instagram.com/p/DPMZGaMDJNC","__a***.ru***","17897932950161982","3732468582782374722_44436031882"
"https://www.instagram.com/mich_ellesart","mec***tes***","https://www.instagram.com/mecenatesart","Wed Oct 08 2025 07:03:35 GMT+0000 (Coordinated Universal Time)","No doubt 🧡",,1,,,,"https://www.instagram.com/p/DPidJ5wDcft","mic***lle***t","18117489967464134","3738678864504539117_56425459488"
"https://www.instagram.com/sis.marianne","mon***ck3***","https://www.instagram.com/monimack37","2024-03-12T23:35:00.000Z","❤❤❤👏👏👏",0,0,[],,,"https://www.instagram.com/p/C4bCgz2pe0P","sis***ria***","17988017261632021","3322260200909827343"
"https://www.instagram.com/juliahandsoflove","gut***org***z","https://www.instagram.com/guttagorgeouz","2024-04-28T00:13:24.000Z","🔥🔥🔥❤️",1,0,[],,,"https://www.instagram.com/p/C6RxDJ5uPIJ","jul***and***lov***","17858061144153447","3355678918437302793"
"https://www.instagram.com/tigersjfc_u12_girls_team","lee***974***","https://www.instagram.com/leebo1974","2024-04-29T21:44:03.000Z","Magic!!",2,0,[],,,"https://www.instagram.com/p/C6XD9wjL14l","tig***jfc***2_g*********","18026795273067093","3357169485385522725"
"https://www.instagram.com/beverly_press","lau***eeb***dog***","https://www.instagram.com/lauraleebongdogs","2024-04-25T23:06:34.000Z","Joke",0,0,[],,,"https://www.instagram.com/p/C6MmcQ7Pf7d","bev***y_p***s","18025845680086047","3354224890570735325"
"https://www.instagram.com/vojombang","sat***dwi***","https://www.instagram.com/satriadwint","2021-06-22T08:50:03.000Z","Brp om",0,0,,,,"https://www.instagram.com/p/CQam_W9jVJK/","voj***ang***","17931044461582131","2601563214509331018"
"https://www.instagram.com/buggpaint","pin***ipi***yfa******","https://www.instagram.com/pinstripingbyfarris","2018-06-26T17:19:57.000Z","🤣",1,0,,,,"https://www.instagram.com/p/BkdzK79HDsx/","bug***int***","17954893795063280","1809827677215669041"
"https://www.instagram.com/nalineagarwal","_ja***aha***07","https://www.instagram.com/_jai_mahajan07","2025-02-15T13:08:10.000Z","🔥",0,0,,,,"https://www.instagram.com/nalineagarwal/reel/DGF_ZACJZKr/","nal***aga***l","17850602910401806","3568537074714120875"
"https://www.instagram.com/rufinohleon","rub***anc***_di***","https://www.instagram.com/ruby_sanchez_diaz","2025-05-13T21:43:33.000Z","#ReformaJudicial #RufinoHLeon #TURQUESA31",0,0,,"[""#ReformaJudicial"",""#RufinoHLeon"",""#TURQUESA31""]",,"https://www.instagram.com/reel/DJXF95WOn_r","ruf***hle***","18016777787706297","3627394268567076843"
"https://www.instagram.com/57odriozola","lad***nsa***lea***","https://www.instagram.com/ladefensamasleal","2025-05-07T19:46:56.000Z","Hace faltan mas candidatos como tu cercanos a la gente",1,1,"[{""likes_number"":1,""reply"":""@ladefensamasleal Gracias, hermanito, seguimos hablando con personas, proponiendo y sumando voluntades. 🟣5️⃣7️⃣🗳️"",""reply_date"":""2025-05-07T19:53:04.000Z"",""reply_user"":""57o***ozo***""}]",,,"https://www.instagram.com/p/DJXDStYx7Or","57o***ozo***","17891017722125341","3627382504694461355"
"https://www.instagram.com/geling_drums","lmp***ial***","https://www.instagram.com/lmperiial","2024-03-06T00:07:02.000Z","My favorite song 🙏",0,0,,,,"https://www.instagram.com/geling_drums/reel/C4Js863BFEn/","gel***_dr***","18137330026316395","3317380300950229287"
"https://www.instagram.com/vikesaccess","vik***cce***","https://www.instagram.com/vikesaccess","2024-09-13T18:26:12.000Z","#VikesAccess #vikings #minnesotavikings #minnesota #mnvikings #vikingsfootball #mn #football #skol #vikingsnation #vikingsfan #skolvikings #nfl #justinjefferson #tjhockenson #jordanaddison #aaronjones #harrisonsmith #jonathangreenard #christiandarrisaw",0,0,[],"[""#VikesAccess"",""#vikings"",""#minnesotavikings"",""#minnesota"",""#mnvikings"",""#vikingsfootball"",""#mn"",""#football"",""#skol"",""#vikingsnation"",""#vikingsfan"",""#skolvikings"",""#nfl"",""#justinjefferson"",""#tjhockenson"",""#jordanaddison"",""#aaronjones"",""#harrisonsmith"",""#jonathangreenard"",""#christiandarrisaw""]",,"https://www.instagram.com/p/C_3gin_SLja","vik***cce***","18169798591308009","3456374355918371034"
"https://www.instagram.com/ingajeanette","chr***_ca***","https://www.instagram.com/chris__casp","2024-09-13T13:06:13.000Z","Forferdelig 😢💔",1,1,"[{""likes_number"":0,""reply"":""@chris__casp helt grusomt💔🇵🇸"",""reply_date"":""2024-09-13T13:34:55.000Z"",""reply_user"":""ing***ane***""}]",,,"https://www.instagram.com/p/C_273eTK-iw","ing***ane***","18282304645208582","3456213060902709424"
"https://www.instagram.com/moroccoworldnews","fis***.ta***","https://www.instagram.com/fisher.tal","2024-09-13T14:36:25.000Z","😂😂😂😂",0,0,[],,,"https://www.instagram.com/p/C_2tdlis9Zz","mor***owo***new***","17891531547066218","3456149709321918067"
"https://www.instagram.com/almayadeenenglish","mem***tet***02","https://www.instagram.com/mememetetete02","2024-09-13T16:21:48.000Z","Stop lying we know it was targeted and we won’t stop until some justice is served!",0,0,[],,,"https://www.instagram.com/p/C_22w3UgqcR","alm***dee***gli***","18040949099312702","3456190616499824401"
"https://www.instagram.com/comunidadpalestinadechile","emi***bak***de","https://www.instagram.com/emiliobakhitde","2024-09-27T15:17:12.000Z","Genocida asquerozo",0,0,[],,,"https://www.instagram.com/p/DAbK_ojNJPs","com***dad***est*********e","17881114116067862","3466412691524195308"
"https://www.instagram.com/drunkelephant","ann***uis***90","https://www.instagram.com/annalouise2290","2023-05-19T15:54:53.000Z","@kmzimmerhanzel",1,1,"[{""likes_number"":1,""reply"":""@annalouise2290 it’s me"",""reply_date"":""2023-05-19T15:55:15.000Z"",""reply_user"":""kmz***erh***el""}]",,"[""@km***mer***zel***""]","https://www.instagram.com/p/CsZHA0xP9l_","dru***lep***t","17851921778974021","3105544261035088255"
"https://www.instagram.com/drunkelephant","kit***.ac***my","https://www.instagram.com/kitten.academy","2024-04-28T10:36:15.000Z","🙌🙌🙌🙌👏👏👏👏👏👏 please reply",2,0,,,,"https://www.instagram.com/p/C59hRSYPN1q","dru***lep***t","18020249936233504","3349980021333482858"
"https://www.instagram.com/drunkelephant","hal***met***7","https://www.instagram.com/halecomet2017","2024-01-20T02:55:13.000Z","We need to find out when the new flavours exist 😂",3,0,,,,"https://www.instagram.com/p/C2NgmZHPqqt","dru***lep***t","17990483309579755","3282423079216523949"
"https://www.instagram.com/drunkelephant","mak***and***uty*********","https://www.instagram.com/makeupandbeautybykaro","2022-06-04T21:04:33.000Z","Oh wow 👏👏👏 amazing 🫶💙💙",1,0,,,,"https://www.instagram.com/p/CeTcTncuPUa","dru***lep***t","17930162306476144","2851747482385839386"
"https://www.instagram.com/drunkelephant","hig***nev***ee","https://www.instagram.com/highgenevievee","2023-01-14T17:24:54.000Z","Lol😂😂😂❤️❤️❤️",2,0,,,,"https://www.instagram.com/p/CnF2q8SPdpX","dru***lep***t","17999674507597880","3010052371427220055"
"https://www.instagram.com/drunkelephant","cel***ial***in_***","https://www.instagram.com/celestial_skin_","2022-12-01T18:21:59.000Z","The cutest kits! 🎁✨",1,0,,,,"https://www.instagram.com/p/ClhG9hlybD6","dru***lep***t","18335055898011568","2981695044530581754"
"https://www.instagram.com/drunkelephant","san***hor***a","https://www.instagram.com/sandiahormiga","2021-12-16T04:02:14.000Z","@sofia_sanchez_roman te contestaron los de @drunkelephant ?",0,1,"[{""likes_number"":1,""reply"":""@sandiahormiga Si! Ya me recomendaron"",""reply_date"":""2021-12-16T18:21:42.000Z"",""reply_user"":""sof***san***z_r******""}]",,"[""@so***_sa***ez_******"",""@dr***ele***nt""]","https://www.instagram.com/p/CXcirGegQfL","dru***lep***t","17981181025411278","2728207969752778699"
"https://www.instagram.com/drunkelephant","ava***yne***","https://www.instagram.com/ava_layne115","2023-02-26T00:50:56.000Z","This is amazing!!! Love this product!!💖💖🧡💫🫶",0,0,,,,"https://www.instagram.com/p/Co7yaYav2u6","dru***lep***t","18011486722546777","3043247688469408698"
"https://www.instagram.com/drunkelephant","fri***eis***","https://www.instagram.com/fridareiss","2021-05-07T00:32:34.000Z","The big size on cult beauty please!!",0,0,,,,"https://www.instagram.com/p/CMQRQSOBMhi","dru***lep***t","17849233295579244","2526595276819712098"
"https://www.instagram.com/drunkelephant","sal***bu","https://www.instagram.com/sal_tabu","2021-07-14T21:23:36.000Z","❤️❤️❤️❤️❤️❤️❤️",1,0,,,,"https://www.instagram.com/p/CRRfeELgTLA","dru***lep***t","17905464928929671","2617011263993098944"
"https://www.instagram.com/drdennisgross","ang***sa.***ond***","https://www.instagram.com/angelisa.osmond","2022-05-11T00:47:45.000Z","Just tried it this week for the first time! ☺️",0,0,,,,"https://www.instagram.com/p/Cck0eQSrSbN","drd***isg***s","17911032854420753","2820610044136859341"
"https://www.instagram.com/drdennisgross","lou***ble***ari***","https://www.instagram.com/louloubleueparis","2021-11-07T03:52:42.000Z","Friday another skin care day happy day😍",1,0,,,,"https://www.instagram.com/p/CV6MAv_l55y","drd***isg***s","17930628688840161","2700523754652933746"
"https://www.instagram.com/drdennisgross","lou***e27***","https://www.instagram.com/loujane27","2021-07-30T18:34:18.000Z","@poshp23",1,0,,,"[""@po***23""]","https://www.instagram.com/p/CQ4ME_fsZfT","drd***isg***s","18162507664083993","2609889103674709971"
"https://www.instagram.com/drunkelephant","chr***ieb***s","https://www.instagram.com/christieblogs","2020-05-19T20:51:07.000Z","Omg that face Bruno adorable!! ❤️",1,0,,,,"https://www.instagram.com/p/CAOQsS3JlvZ","dru***lep***t","17887410586545212","2309857071541410777"
"https://www.instagram.com/drdennisgross","lea***oy0***","https://www.instagram.com/leanajoy08","2020-10-14T22:48:09.000Z","@maria.hope03",0,0,,,"[""******""]","https://www.instagram.com/p/CGF5pValerY","drd***isg***s","17850336068328915","2415590304298429144"
"https://www.instagram.com/drunkelephant","sha***_pi***lam***","https://www.instagram.com/shayna_pinkglam","2019-12-22T21:09:06.000Z","Hi drunk Bruno!😍😍😍",1,0,,,,"https://www.instagram.com/p/B6TUkAlACzK","dru***lep***t","18048834130200237","2203195078166457546"
"https://www.instagram.com/drunkelephant","ldb***nic***","https://www.instagram.com/ldbotanicals","2020-01-28T03:34:06.000Z","So beautiful!!! 💛💛💛💛",0,0,,,,"https://www.instagram.com/p/B7uMORpHnR8","dru***lep***t","17848101586881790","2228772623169254524"
"https://www.instagram.com/drunkelephant","tia***ale***a.3***","https://www.instagram.com/tiago.alegria.315","2019-10-29T21:43:33.000Z","☺️",0,0,,,,"https://www.instagram.com/p/B35Lj_oAoee","dru***lep***t","17858641483583448","2159808348311160734"
"https://www.instagram.com/drunkelephant","all***arv***","https://www.instagram.com/allyxcarver","2020-04-21T19:36:45.000Z","@kay_mckensi",1,0,,,"[""@ka***cke***""]","https://www.instagram.com/p/B-YB05AJKyH","dru***lep***t","17859408721867580","2276577644300774535"
"https://www.instagram.com/drunkelephant","yas***fus***","https://www.instagram.com/yasminfusion","2019-04-17T23:10:10.000Z","Hooo my God 😍",0,0,,,,"https://www.instagram.com/p/BvPHUE4hyp6","dru***lep***t","17962155682254272","2003852525161622138"
"https://www.instagram.com/drunkelephant","ale***e__***___***","https://www.instagram.com/aleeeee__________","2018-10-01T21:45:49.000Z","@eida_alzate  mire boba puede prñerdirlo aca",0,0,,,"[""@ei***alz***""]","https://www.instagram.com/p/BneJ1cSgWVl","dru***lep***t","17984120392010499","1863970550704072037"
"https://www.instagram.com/drunkelephant","han***.bi***tt","https://www.instagram.com/hannah.billett","2018-05-15T13:54:09.000Z","I’ve read that Vit C needs to be at a certain ph in order to work properly. Does this mean that using C-Firma before/after an acid product could impact its effectiveness? Thank you x🐘",2,1,"[{""likes_number"":0,""reply"":""@hannah.billett I’ve been meaning to ask this too! Once in a while I apply C-Firma after my Paula’s Choice 2% BHA but I wonder if that’s ok"",""reply_date"":""2018-05-15T15:00:45.000Z"",""reply_user"":""jus***li""}]",,,"https://www.instagram.com/p/Bixvf1OBT3e","dru***lep***t","17936776789078461","1779412223421398494"
"https://www.instagram.com/drdennisgross","dan***igh***","https://www.instagram.com/danaleigh05","2019-02-05T16:29:56.000Z","❤️❤️❤️❤️",0,0,,,,"https://www.instagram.com/p/BrkXt27FIwg","drd***isg***s","17931194473264817","1937778046095625248"
"https://www.instagram.com/drunkelephant","she***.l_***","https://www.instagram.com/she.is.l_ve","2017-12-29T00:26:33.000Z","Ohhhh so helpful.. I may be addicted. 😍",1,0,,,,"https://www.instagram.com/p/BdMA_vhjOgB","dru***lep***t","17857967197203904","1678721141458135041"
"https://www.instagram.com/drunkelephant","jen***ggy***","https://www.instagram.com/jennziggy80","2018-01-30T02:19:12.000Z","@adrianarr9",1,0,,,"[""@ad***nar***""]","https://www.instagram.com/p/BegPtRfBuaN","dru***lep***t","17896366474130955","1702429740994324109"
"https://www.instagram.com/drunkelephant","cel***ead***xo","https://www.instagram.com/celesteadelexo","2017-12-25T05:04:41.000Z","What you could use @maddderson",0,0,,,"[""@ma***ers***""]","https://www.instagram.com/p/Bcmxpp2jxEB","dru***lep***t","17914686238012458","1668239078703698177"
"https://www.instagram.com/drunkelephant","tor***ave***_","https://www.instagram.com/toritravels__","2018-01-08T03:09:00.000Z","are you going to do a travel size of the eye cream? @drunkelephantskincare",0,1,"[{""likes_number"":1,""reply"":""@oohmy_glow Yes coming in #thelittles !"",""reply_date"":""2018-01-08T03:14:37.000Z"",""reply_user"":""dru***lep***t""}]",,"[""@dr***ele***nts*********""]","https://www.instagram.com/p/BdiP_AiDfR8","dru***lep***t","17908469638073983","1684979511186027644"
"https://www.instagram.com/drunkelephant","sun***neo***","https://www.instagram.com/sunshineo8","2017-09-27T12:10:14.000Z","I'm a addicted to drunk elephant!",1,0,,,,"https://www.instagram.com/p/BZe7xdIj1ti","dru***lep***t","17874047314165699","1611988599925857122"
"https://www.instagram.com/narsissist","ala***ara***","https://www.instagram.com/alachiara","2024-12-14T01:28:11.000Z","❤️",0,0,,,,"https://www.instagram.com/p/DDhrZ0jxm0Q","nar***sis***","17916766052932371","3522287274002115856"
"https://www.instagram.com/drunkelephant","jan***ait***","https://www.instagram.com/jannelaitila","2017-10-19T20:31:22.000Z","@vernajosefiina lol fuk en mie haluu ainakaa aikuistuu...",0,0,,,"[""@ve***jos***ina***""]","https://www.instagram.com/p/BaQOKVhDVcs","dru***lep***t","17887827082082119","1625861748429772588"
"https://www.instagram.com/drdennisgross","jen***lls***ed","https://www.instagram.com/jen_wellstyled","2018-04-21T15:41:19.000Z","I just received your new Alpha Beta Pore Perfecting Cleansing Gel & I’m hoping this changes my life 😜 Can’t wait to use it tonight.

And of course I had to replenish my stock of your alpha beta daily peels 😊 @drdennisgross",0,0,,,"[""@dr***nis***ss""]","https://www.instagram.com/p/Bhzn-pfnNQU","drd***isg***s","17931232093076807","1761927708207272980"
"https://www.instagram.com/drunkelephant","els***igi***","https://www.instagram.com/elsaygigi","2017-07-03T21:45:07.000Z","@koalaeatsleaves",1,0,,,"[""@ko***eat***ave***""]","https://www.instagram.com/p/BV_YRYYjJZC","dru***lep***t","17881047322066533","1549063544367781442"
"https://www.instagram.com/drunkelephant","and***eea***nca***","https://www.instagram.com/andreeeea.dinca","2017-01-30T07:37:12.000Z","I know many people are asking you this but is there a certain date your products will become available on the European market via some online retailers? @drunkelephantskincare",0,0,,,"[""@dr***ele***nts*********""]","https://www.instagram.com/p/BP2xuoxgqnJ","dru***lep***t","17874264463045548","1438555840146745801"
"https://www.instagram.com/drdennisgross","olg***ren***ski******","https://www.instagram.com/olgalorencinskincare","2017-11-09T00:43:15.000Z","Yeah right 😂",1,0,,,,"https://www.instagram.com/p/BbQO70ln2SR","drd***isg***s","17849964133207795","1643879547556291729"
"https://www.instagram.com/drunkelephant","leb***ora***re","https://www.instagram.com/lebon.oralcare","2016-11-18T23:30:50.000Z","🌊🌊",0,0,,,,"https://www.instagram.com/p/BMwL8LfAqhX","dru***lep***t","17844448333178869","1382657599614396503"
"https://www.instagram.com/drunkelephant","sta***reb***htt***","https://www.instagram.com/starsarebrighttx","2016-10-21T02:41:06.000Z","@drunkelephantskincare I saw that right after I entered hearts crossed -❤️️✨",0,0,,,"[""@dr***ele***nts*********""]","https://www.instagram.com/p/BLw4wNPAdFz","dru***lep***t","17864178913023628","1364840290443186547"
"https://www.instagram.com/drdennisgross","bea***ful***","https://www.instagram.com/beautiful_g8","2016-03-06T22:14:09.000Z","🙏❣",0,0,,,,"https://www.instagram.com/p/BCBosh3P8h_","drd***isg***s","17847792832069851","1189410758480349311"
"https://www.instagram.com/drdennisgross","tia***fyo***cia***","https://www.instagram.com/tiaduffyofficial","2016-08-22T14:46:47.000Z","Looks so good",0,0,,,,"https://www.instagram.com/p/BJOvu8ejP_6","drd***isg***s","17860407958034765","1319201675085152250"
"https://www.instagram.com/drdennisgross","ana***sia***d","https://www.instagram.com/anastasia_zed","2015-12-03T10:21:20.000Z","@emliqquaaa___  for my poor forehead",0,0,,,"[""@em***qua***__""]","https://www.instagram.com/p/-r6I-Wv8lI","drd***isg***s","17848393654031106","1129251834993559880"
"https://www.instagram.com/narsissist","kat***ham***n","https://www.instagram.com/katieehampton","2023-12-16T02:01:58.000Z","Terrible customer service. I’ve been a long long time customer and in my most recent order one item was incorrect. I’ve now been emailing back and forth with customer service asking me for photos and proof that I got the wrong item as if I was lying. Last email I replied to I once again was asked to confirm for the fourth time my item was incorrect and now I’ve been ghosted for 3 days. No resolution.",0,0,,,,"https://www.instagram.com/p/C0t1YkhRn8L","nar***sis***","17915733185840443","3255492890604240651"
"https://www.instagram.com/drunkelephant","the***lad***","https://www.instagram.com/themrsladd","2016-03-04T23:03:29.000Z","@drunkelephantskincare ahh! That's awesome news! Thank you so much!",0,0,,,"[""@dr***ele***nts*********""]","https://www.instagram.com/p/BCf51YfJ7oG","dru***lep***t","17844959413083387","1197930382979742214"
"https://www.instagram.com/drunkelephant","ant***y_k***ara***","https://www.instagram.com/anthony_kantara","2016-02-13T22:02:23.000Z","Sweet!",0,0,,,,"https://www.instagram.com/p/BBsX8Ecp7lv","dru***lep***t","17854503325011364","1183426085105678703"
"https://www.instagram.com/drunkelephant","the***lis***om","https://www.instagram.com/theenglishroom","2015-08-09T16:28:16.000Z","Amen!",0,0,,,,"https://www.instagram.com/p/6KzNGDJ7ua","dru***lep***t","17850268585031542","1047875063537712026"
"https://www.instagram.com/drunkelephant","can***ant***","https://www.instagram.com/candypants_4","2015-06-05T22:12:00.000Z","Haha us!!!! @misslizzy13",0,0,,,"[""@mi***izz***""]","https://www.instagram.com/p/1DnTYTJ7gA","dru***lep***t","17849536399031542","955780401507842048"
"https://www.instagram.com/drunkelephant","blo***_vi***","https://www.instagram.com/blonde_vibe","2017-09-01T14:55:09.000Z","#FKNVBN",0,0,,"[""#FKNVBN""]",,"https://www.instagram.com/p/w7P3G5J7jJ","dru***lep***t","17891604763071155","881367909751306441"
"https://www.instagram.com/shiseido","elm***ene***aut*********","https://www.instagram.com/elmasyenerbeautylounge","2024-05-10T13:33:30.000Z","🙌",0,1,"[{""likes_number"":0,""reply"":""@elmasyenerbeautylounge ❣️"",""reply_date"":""2024-05-10T16:01:32.000Z"",""reply_user"":""shi***do""}]",,,"https://www.instagram.com/p/C6Gf-plLONW","shi***do","17874759279070057","3352507617320428374"
"https://www.instagram.com/drunkelephant","dru***lep***t","https://www.instagram.com/drunkelephant","2016-11-17T02:19:01.000Z","@brittany_glass we're on it! Will be in touch ASAP.",0,0,,,"[""@br***any***ass***""]","https://www.instagram.com/p/BM2Z1ChAEG0","dru***lep***t","17855415541112728","1384407531459199412"
"https://www.instagram.com/narsissist","pre***pal***ji","https://www.instagram.com/premodpaliyaji","2022-06-02T04:52:09.000Z","Hii",0,0,,,,"https://www.instagram.com/p/Cd3IKz2AM8v","nar***sis***","18048078811334106","2843777616941469487"
"https://www.instagram.com/shiseido","the***ofb***ty_***","https://www.instagram.com/theartofbeauty_a","2023-03-14T21:47:43.000Z","Next level products, I love the microliners ❤️",0,1,"[{""likes_number"":0,""reply"":""Thank you @theartofbeauty_a! ❤️❤️❤️"",""reply_date"":""2023-03-14T22:53:09.000Z"",""reply_user"":""shi***do""}]",,,"https://www.instagram.com/p/CpvCGeqtJna","shi***do","18052168858400866","3057671913346472410"
"https://www.instagram.com/narsissist","lef***aof***ial***","https://www.instagram.com/lefaftaofficial","2022-07-02T17:11:20.000Z","Great..",0,1,"[{""likes_number"":0,""reply"":""@lefaftaofficial xoxo"",""reply_date"":""2022-07-02T17:45:18.000Z"",""reply_user"":""nar***sis***""}]",,,"https://www.instagram.com/p/CZcbz5AFw-7","nar***sis***","17937181442191848","2764206584452550587"
"https://www.instagram.com/narsissist","mah***a_m***i","https://www.instagram.com/mahsaaa_mhmdi","2021-10-23T23:00:33.000Z","nice",0,1,"[{""likes_number"":0,""reply"":""@mahsaaa_mhmdi ✨✨✨"",""reply_date"":""2021-10-24T17:58:59.000Z"",""reply_user"":""nar***sis***""}]",,,"https://www.instagram.com/p/CUr8g7-gv7o","nar***sis***","17899907213219978","2678500549615353576"
"https://www.instagram.com/cledepeaubeauteus","isl***rve***","https://www.instagram.com/islacervelli","2022-02-09T01:55:02.000Z","My fave!!❤️",0,0,,,,"https://www.instagram.com/p/CZpReOGJ5wU","cle***eau***ute***","18146957887241667","2767820289506515988"
"https://www.instagram.com/cledepeaubeauteus","aar***aul***uty***","https://www.instagram.com/aaronpaulbeauty","2020-12-04T03:15:16.000Z","That brush looks beautiful 😍",0,0,,,,"https://www.instagram.com/p/CIWunWpgCH1","cle***eau***ute***","17886187870819682","2456355661294871029"
"https://www.instagram.com/shiseido","you***ann***","https://www.instagram.com/you_r_annn","2021-04-25T15:48:31.000Z","💚",0,0,,,,"https://www.instagram.com/p/COFbVtkthlE","shi***do","17909014459762523","2559572202529102148"
"https://www.instagram.com/shiseido","thi***s.m***j","https://www.instagram.com/this.is.maryj","2020-10-20T15:48:06.000Z","🔥🔥🔥",0,0,,,,"https://www.instagram.com/p/CGg4nebhq3W","shi***do","17930085190437349","2423185602863607254"
"https://www.instagram.com/cledepeaubeauteus","pin***om.***7","https://www.instagram.com/pink_mom.key7","2020-05-06T23:41:47.000Z","💄💋✨💄最近塗ってないわ💦😷😷生活だから‥😢⤵️⤵️",0,0,,,,"https://www.instagram.com/p/B_3H0oUgUuX","cle***eau***ute***","17882458972574791","2303344137455356823"
"https://www.instagram.com/shiseido","myo***ove***","https://www.instagram.com/myownloves","2021-02-25T06:42:11.000Z","@claudia___ciocca ❤️❤️❤️",0,0,,,"[""@cl***ia_***ioc***""]","https://www.instagram.com/p/CLq1-Fchtaa","shi***do","17909920546640082","2516060704759797402"
"https://www.instagram.com/shiseido","lab***ede***o","https://www.instagram.com/labulledevero","2020-07-21T14:03:25.000Z","💙💙",0,0,,,,"https://www.instagram.com/p/CC4hromn506","shi***do","17849189471205851","2357782538998488378"
"https://www.instagram.com/cledepeaubeauteus","mcl***_de***tol******","https://www.instagram.com/mclean_dermatology","2017-10-02T20:03:15.000Z","🙌🏼🙌🏼🙌🏼🙌🏼🙌🏼",0,0,,,,"https://www.instagram.com/p/BZqZdG4F9n6","cle***eau***ute***","17892630733073337","1615215367776885242"
"https://www.instagram.com/cledepeaubeauteus","eri***ipp***","https://www.instagram.com/erikalipps","2017-01-29T16:25:18.000Z","these colors are so incredibly beautiful 🌹",0,0,,,,"https://www.instagram.com/p/BOSnUeYgEpv","cle***eau***ute***","17861691961072093","1410362564147169903"
"https://www.instagram.com/cledepeaubeauteus","wes***re4***","https://www.instagram.com/westmore42","2016-10-25T02:32:12.000Z","Love These.",0,0,,,,"https://www.instagram.com/p/BL9oLKcgjef","cle***eau***ute***","17854430266104788","1368426550780901279"
"https://www.instagram.com/shiseido","dim***iba***","https://www.instagram.com/dimitribalan","2019-09-27T20:38:22.000Z","💥💥💥",2,0,,,,"https://www.instagram.com/p/B27Vzn-h4K-","shi***do","17860103185521103","2142401954339848894"
"https://www.instagram.com/shiseido","jai***igs***","https://www.instagram.com/jairojigs19","2018-09-13T11:41:02.000Z","💜",1,0,,,,"https://www.instagram.com/p/BnluQtpAHET","shi***do","17978855344039123","1866101079272354067"
"https://www.instagram.com/shiseido","mil***her***","https://www.instagram.com/milan.herceg","2017-05-18T10:37:18.000Z","1930 ?!",0,0,,,,"https://www.instagram.com/p/BUOucMrDdaf","shi***do","17880513241012745","1517354372362524319"
"https://www.instagram.com/shiseido","mak***mak***esm*********","https://www.instagram.com/makeupmakesmesmile555","2016-07-04T05:04:39.000Z","What shade would be best for light to medium skin with neutral undertones? Thanks",0,0,,,,"https://www.instagram.com/p/BGGLVdoLR0g","shi***do","17849927434077311","1262746598957194528"
